NAME,CODE,HIERARCHY,IS_GROUP,CHILDREN,LEVEL_NAME
Bunbury,PORT_AUBUY,ALL#WORLD#OCEAN#AUS#PORT_AUBUY,false,,PORT_TERMINAL
Lautoka,LAUTK,ALL#WORLD#OCEAN#FJI#LAUTK,false,,PORT_TERMINAL
Port of Cotonou,COTONOU,ALL#WORLD#WESTA#BEN#COTONOU,false,,PORT_TERMINAL
Zhangjiagang,PORT_CNZJG,ALL#WORLD#ASIA#CHN#PORT_CNZJG,false,,PORT_TERMINAL
Duluth MN,PORT_USSUW,ALL#WORLD#NOAME#USA#PORT_USSUW,false,,PORT_TERMINAL
Krasnodar Krai,PORT_RUKRR,ALL#WORLD#CIS#RUS#PORT_RUKRR,false,,PORT_TERMINAL
Montreal,PORT_CAMTR,ALL#WORLD#NOAME#CAN#PORT_CAMTR,false,,PORT_TERMINAL
Tarjun,PORT_IDTAR,ALL#WORLD#ASIA#IDN#PORT_IDTAR,false,,PORT_TERMINAL
Maputo,PORT_MZMPM,ALL#WORLD#AFRMI#MOZ#PORT_MZMPM,false,,PORT_TERMINAL
Puget Sound,PORT_USPGQ,ALL#WORLD#NOAME#USA#PORT_USPGQ,false,,PORT_TERMINAL
Xingtai,PORT_CNXGI,ALL#WORLD#ASIA#CHN#PORT_CNXGI,false,,PORT_TERMINAL
APM,apm,ALL#WORLD#CTLAM#GTM#ESCGU#PUQGU#apm,false,,PORT_TERMINAL
Aracaju,PORT_BRAJU,ALL#WORLD#Americas#SOAME#BRA#PORT_BRAJU,false,,PORT_TERMINAL
Hambantota International Port,PORT_HAM,ALL#WORLD#ASIA#LKA#PORT_HAM,false,,PORT_TERMINAL
Safi,PORT_MASFI,ALL#WORLD#AFRMI#MAR#PORT_MASFI,false,,PORT_TERMINAL
Phuket,PHUKET_THAI,ALL#WORLD#ASIA#THA#PHUKET_THAI,false,,PORT_TERMINAL
Longkou,PORT_CNLKU,ALL#WORLD#ASIA#CHN#PORT_CNLKU,false,,PORT_TERMINAL
Alexandria & Dekheila Port,ADP,ADP,false,,PORT_TERMINAL
batumi ,BATUMI,ALL#WORLD#CIS#GEO#BATUMI,false,,PORT_TERMINAL
Umm Said,PORT_UMM_SAID,ALL#WORLD#MIDDL#QAT#PORT_UMM_SAID,false,,PORT_TERMINAL
Villa Constitucion,PORT_ARVCN,ALL#WORLD#Americas#SOAME#ARG#PORT_ARVCN,false,,PORT_TERMINAL
Sarnia,SARNIA,ALL#WORLD#NOAME#CAN#ONTAR#SARNIA,false,,PORT_TERMINAL
Perth,PORT_AUPER,ALL#WORLD#OCEAN#AUS#PORT_AUPER,false,,PORT_TERMINAL
Takamatsu,PORT_JPTAK,ALL#WORLD#ASIA#JPN#PORT_JPTAK,false,,PORT_TERMINAL
Yatsushiro,PORT_JPYAT,ALL#WORLD#ASIA#JPN#PORT_JPYAT,false,,PORT_TERMINAL
Ochakiv Port,OCHAKIV,ALL#WORLD#CIS#UKR#SOUKR#MYKOL#MYKOC#OCHAKIV,false,,PORT_TERMINAL
Port cartier,PORT_CAPCA,ALL#WORLD#NOAME#CAN#PORT_CAPCA,false,,PORT_TERMINAL
Banjarmasin,PORT_IDBDJ,ALL#WORLD#ASIA#IDN#PORT_IDBDJ,false,,PORT_TERMINAL
Annaba,PORT_DZAAE,ALL#WORLD#DZA#PORT_DZAAE,false,,PORT_TERMINAL
Campana,PORT_ARCMP,ALL#WORLD#Americas#SOAME#ARG#PORT_ARCMP,false,,PORT_TERMINAL
cape horn port,PORT_CAPE_HORN,ALL#WORLD#Americas#SOAME#ARG#PATAR#TDFPA#PORT_CAPE_HORN,false,,PORT_TERMINAL
Puerto de Ceuta,PORT_CEUTA,ALL#WORLD#EUR#ESP#PORT_CEUTA,false,,PORT_TERMINAL
Tincan Port,PORT_NGTIN,ALL#WORLD#WESTA#NGA#PORT_NGTIN,false,,PORT_TERMINAL
Port of Niteroi,PORT_NITER,ALL#WORLD#Americas#SOAME#BRA#BRASE#RIODE#PORT_NITER,false,,PORT_TERMINAL
Bolgar,PORT_BOLGAR,ALL#WORLD#CIS#RUS#PORT_BOLGAR,false,,PORT_TERMINAL
Fortaleza,PORT_BRFOR,ALL#WORLD#Americas#SOAME#BRA#PORT_BRFOR,false,,PORT_TERMINAL
Calarasi,PORT_ROCAS,ALL#WORLD#EUR#ROU#PORT_ROCAS,false,,PORT_TERMINAL
Santa Fe,PORT_ARSFN,ALL#WORLD#Americas#SOAME#ARG#PORT_ARSFN,false,,PORT_TERMINAL
Dunedin Port,PORT_DUND,ALL#WORLD#OCEAN#NZL#PORT_DUND,false,,PORT_TERMINAL
Volgograd,PORT_RUVOG,ALL#WORLD#CIS#RUS#PORT_RUVOG,false,,PORT_TERMINAL
Newcastle,PORT_AUNTL,ALL#WORLD#OCEAN#AUS#PORT_AUNTL,false,,PORT_TERMINAL
Padang,PORT_IDPDG,ALL#WORLD#ASIA#IDN#PORT_IDPDG,false,,PORT_TERMINAL
Les Sables D'Olonne,PORT_FRLSO,ALL#WORLD#EUR#FRA#PORT_FRLSO,false,,PORT_TERMINAL
Takoradi,PORT_GHTKD,ALL#WORLD#AFRMI#GHA#PORT_GHTKD,false,,PORT_TERMINAL
Ruse Oblast,PORT_BGRDU,ALL#WORLD#EUR#BGR#PORT_BGRDU,false,,PORT_TERMINAL
Sfax,PORT_TNSFA,ALL#WORLD#AFRMI#TUN#PORT_TNSFA,false,,PORT_TERMINAL
Rumoi,PORT_JPRMI,ALL#WORLD#ASIA#JPN#PORT_JPRMI,false,,PORT_TERMINAL
Port of Philadelphia,PORT_PHILA,ALL#WORLD#NOAME#USA#NOEAS#PENNS#PORT_PHILA,false,,PORT_TERMINAL
Olternita,PORT_ROOLT,ALL#WORLD#EUR#ROU#PORT_ROOLT,false,,PORT_TERMINAL
Ube,PORT_JPUBJ,ALL#WORLD#ASIA#JPN#PORT_JPUBJ,false,,PORT_TERMINAL
Tg. Mani,PORT_MYSMA,ALL#WORLD#ASIA#MYS#PORT_MYSMA,false,,PORT_TERMINAL
Belo Horizonte,PORT_BRPBO,ALL#WORLD#Americas#SOAME#BRA#PORT_BRPBO,false,,PORT_TERMINAL
Hazira Port,PORT_INHZA,ALL#WORLD#ASIA#IND#PORT_INHZA,false,,PORT_TERMINAL
Ujung Pandang,PORT_IDUPP,ALL#WORLD#ASIA#IDN#PORT_IDUPP,false,,PORT_TERMINAL
Shekou,PORT_CNSHK,ALL#WORLD#ASIA#CHN#PORT_CNSHK,false,,PORT_TERMINAL
Torres,PORT_BRTOR,ALL#WORLD#Americas#SOAME#BRA#PORT_BRTOR,false,,PORT_TERMINAL
Menzel Bourguiba,PORT_TNMBA,ALL#WORLD#AFRMI#TUN#PORT_TNMBA,false,,PORT_TERMINAL
Brake,PORT_DEBKE,ALL#WORLD#EUR#DEU#PORT_DEBKE,false,,PORT_TERMINAL
INKOO,INKOO,ALL#WORLD#EUR#FIN#INKOO,false,,PORT_TERMINAL
Yantian Port,PORT,ALL#WORLD#ASIA#CHN#PORT,false,,PORT_TERMINAL
Porto Xavier,PORT_BRPXI,ALL#WORLD#Americas#SOAME#BRA#PORT_BRPXI,false,,PORT_TERMINAL
Port Vicentin,VICENTIN,ALL#WORLD#Americas#SOAME#ARG#UPRIVER#VICENTIN,false,,PORT_TERMINAL
Izmit,PORT_TRIZT,ALL#WORLD#WESTE#TUR#PORT_TRIZT,false,,PORT_TERMINAL
Busan,PORT_KRPUS,ALL#WORLD#ASIA#KOR#PORT_KRPUS,false,,PORT_TERMINAL
tachibana Port,PORT_TACHIBANA,ALL#WORLD#ASIA#JPN#PORT_TACHIBANA,false,,PORT_TERMINAL
Lumut,PORT_MYLUM,ALL#WORLD#ASIA#MYS#PORT_MYLUM,false,,PORT_TERMINAL
Incheon,PORT_KRINC,ALL#WORLD#ASIA#KOR#PORT_KRINC,false,,PORT_TERMINAL
Curitiba,PORT_BRCWB,ALL#WORLD#Americas#SOAME#BRA#PORT_BRCWB,false,,PORT_TERMINAL
Gola Pristan,PORT_GOLA,ALL#WORLD#ASIA#IND#PORT_GOLA,false,,PORT_TERMINAL
GRANIT PORT,GRANIT_PORT,GRANIT_PORT,false,,PORT_TERMINAL
Cobh,PORT_IECOB,ALL#WORLD#EUR#IRL#PORT_IECOB,false,,PORT_TERMINAL
Lom,PORT_BGLOM,ALL#WORLD#EUR#BGR#PORT_BGLOM,false,,PORT_TERMINAL
Port Esquivel,PORT_ESQ,ALL#WORLD#CTLAM#JAM#PORT_ESQ,false,,PORT_TERMINAL
Destrehan LA,PORT_USNEW,ALL#WORLD#NOAME#USA#PORT_USNEW,false,,PORT_TERMINAL
ICD Birgunj,ICDBIR,ALL#WORLD#ASIA#NPL#ICDBIR,false,,PORT_TERMINAL
Omaezaki,PORT_JPOMZ,ALL#WORLD#ASIA#JPN#PORT_JPOMZ,false,,PORT_TERMINAL
Port of Slavyanka,PORT_SLAV,ALL#WORLD#CIS#RUS#PORT_SLAV,false,,PORT_TERMINAL
Zhoushan,PORT_CNZOS,ALL#WORLD#ASIA#CHN#PORT_CNZOS,false,,PORT_TERMINAL
Hampton NE,PORT_USHAX,ALL#WORLD#NOAME#USA#PORT_USHAX,false,,PORT_TERMINAL
Sriracha Harbour Port,SRIRACHA,ALL#WORLD#ASIA#THA#SRIRACHA,false,,PORT_TERMINAL
Campos dos Goytacazes,PORT_BRCGZ,ALL#WORLD#Americas#SOAME#BRA#PORT_BRCGZ,false,,PORT_TERMINAL
Gran Canaria,GRAN_CANARIA,GRAN_CANARIA,false,,PORT_TERMINAL
Keo Phos Port,KPP,ALL#WORLD#ASIA#KHM#KPP,false,,PORT_TERMINAL
Santa Cruz do Sul,SANTA_CRUZ,ALL#WORLD#Americas#SOAME#BRA#BRASO#RIOGS#SANTA_CRUZ,false,,PORT_TERMINAL
Termini Imerese,TERIMES,ALL#WORLD#EUR#ITA#ITAI#ITSIC#TERIMES,false,,PORT_TERMINAL
Puerto Angamos port,PUERTO-ANGAMOS,ALL#WORLD#OSAM#CHL#PORT_ANTO#PUERTO-ANGAMOS,false,,PORT_TERMINAL
Palu,PORT_IDPAL,ALL#WORLD#ASIA#IDN#PORT_IDPAL,false,,PORT_TERMINAL
Nikolayev,PORT_NIKOLAY,ALL#WORLD#CIS#UKR#PORT_NIKOLAY,false,,PORT_TERMINAL
Arzew,PORT_DZAZW,ALL#WORLD#DZA#PORT_DZAZW,false,,PORT_TERMINAL
Gangavaram Port,GANGAVARAM,GANGAVARAM,false,,PORT_TERMINAL
Boston,PORT_USBOS,ALL#WORLD#NOAME#USA#PORT_USBOS,false,,PORT_TERMINAL
Hedland,PORT_AUPHE,ALL#WORLD#OCEAN#AUS#PORT_AUPHE,false,,PORT_TERMINAL
Imabari,PORT_JPIMB,ALL#WORLD#ASIA#JPN#PORT_JPIMB,false,,PORT_TERMINAL
ponta da madeira,PORT_BRPMA,ALL#WORLD#Americas#SOAME#BRA#PORT_BRPMA,false,,PORT_TERMINAL
HUELVA,PORT_ESHUV,ALL#WORLD#EUR#ESP#PORT_ESHUV,false,,PORT_TERMINAL
Naoetsu,NAO,ALL#WORLD#ASIA#JPN#NIIG#NAO,false,,PORT_TERMINAL
Bahia Blanca,PORT_ARBHI,ALL#WORLD#Americas#SOAME#ARG#PORT_ARBHI,false,,PORT_TERMINAL
Aioi,PORT_JPAIO,ALL#WORLD#ASIA#JPN#PORT_JPAIO,false,,PORT_TERMINAL
Corabia,PORT_ROCOB,ALL#WORLD#EUR#ROU#PORT_ROCOB,false,,PORT_TERMINAL
Port of Basra,PORT_BAS,ALL#WORLD#AFRMI#IRQ#PORT_BAS,false,,PORT_TERMINAL
Nelson Port,PORT_NELSON,ALL#WORLD#OCEAN#NZL#PORT_NELSON,false,,PORT_TERMINAL
Setúbal,SETUBAL,ALL#WORLD#EUR#PRT#SETUBAL,false,,PORT_TERMINAL
Makassar,PORT_IDMAK,ALL#WORLD#ASIA#IDN#PORT_IDMAK,false,,PORT_TERMINAL
Toledo OH,PORT_USTOL,ALL#WORLD#NOAME#USA#PORT_USTOL,false,,PORT_TERMINAL
Luanda,PORT_AOLAD,ALL#WORLD#CWA#AGO#PORT_AOLAD,false,,PORT_TERMINAL
ICD Palwal Port,PORT_INPWL,ALL#WORLD#ASIA#IND#PORT_INPWL,false,,PORT_TERMINAL
Abashiri,PORT_JPABA,ALL#WORLD#ASIA#JPN#PORT_JPABA,false,,PORT_TERMINAL
Kazan,PORT_RUKZN,ALL#WORLD#CIS#RUS#PORT_RUKZN,false,,PORT_TERMINAL
Rengat,PORT_IDRGT,ALL#WORLD#ASIA#IDN#PORT_IDRGT,false,,PORT_TERMINAL
Pascagoula,PORT_USPGL,ALL#WORLD#NOAME#USA#PORT_USPGL,false,,PORT_TERMINAL
Aomori,PORT_JPAOJ,ALL#WORLD#ASIA#JPN#PORT_JPAOJ,false,,PORT_TERMINAL
Haneda,HANE,ALL#WORLD#ASIA#JPN#TOKYO#HANE,false,,PORT_TERMINAL
Parana,PORT_BRPRX,ALL#WORLD#Americas#SOAME#BRA#PORT_BRPRX,false,,PORT_TERMINAL
Longview WA,PORT_USLOG,ALL#WORLD#NOAME#USA#PORT_USLOG,false,,PORT_TERMINAL
Port of Puerto La Cruz,PORT_LCR,ALL#WORLD#OSAM#VEN#PORT_LCR,false,,PORT_TERMINAL
Mina Qabus,PORT_OMMNQ,ALL#WORLD#MIDDL#OMN#PORT_OMMNQ,false,,PORT_TERMINAL
Krishnapatnam,PORT_INKRI,ALL#WORLD#ASIA#IND#PORT_INKRI,false,,PORT_TERMINAL
Cilegon,PORT_IDCGN,ALL#WORLD#ASIA#IDN#PORT_IDCGN,false,,PORT_TERMINAL
Praia Mole Port ,PORT_PMOL,ALL#WORLD#Americas#SOAME#BRA#PORT_PMOL,false,,PORT_TERMINAL
Great yarmouth,PORT_GBGTY,ALL#WORLD#EUR#GBR#PORT_GBGTY,false,,PORT_TERMINAL
Phu My,PORT_VNPHU,ALL#WORLD#ASIA#VNM#PORT_VNPHU,false,,PORT_TERMINAL
Batangas,PORT_PHBTG,ALL#WORLD#ASIA#PHL#PORT_PHBTG,false,,PORT_TERMINAL
Port of Keelung,PORT_KEE,ALL#WORLD#ASIA#TWN#PORT_KEE,false,,PORT_TERMINAL
Port Dickson,PORT_MYPDI,ALL#WORLD#ASIA#MYS#PORT_MYPDI,false,,PORT_TERMINAL
Greentour-Ex (Bunge),GREENTOUR_BUNGE,ALL#WORLD#CIS#UKR#SOUKR#MYKOL#MYKOC#GREENTOUR_BUNGE,false,,PORT_TERMINAL
Hosojima,PORT_JPHSM,ALL#WORLD#ASIA#JPN#PORT_JPHSM,false,,PORT_TERMINAL
Lubeck,PORT_DELBC,ALL#WORLD#EUR#DEU#PORT_DELBC,false,,PORT_TERMINAL
Weymouth Harbour,PORT_GBWHS,ALL#WORLD#EUR#GBR#PORT_GBWHS,false,,PORT_TERMINAL
Sooma,PORT_JPSMA,ALL#WORLD#ASIA#JPN#PORT_JPSMA,false,,PORT_TERMINAL
Le havre,PORT_LE_HAVRE,ALL#WORLD#EUR#FRA#PORT_LE_HAVRE,false,,PORT_TERMINAL
Kure,PORT_JPKRE,ALL#WORLD#ASIA#JPN#PORT_JPKRE,false,,PORT_TERMINAL
Sumatra,PORT_IDTRA,ALL#WORLD#ASIA#IDN#PORT_IDTRA,false,,PORT_TERMINAL
Aden (Passing),PORT_ADEN_PASSING,ALL#WORLD#AFRMI#YEM#PORT_ADEN_PASSING,false,,PORT_TERMINAL
Egersund,EGERSUND,ALL#WORLD#WESTE#NOR#EGERSUND,false,,PORT_TERMINAL
Amurang,PORT_IDTZD,ALL#WORLD#ASIA#IDN#PORT_IDTZD,false,,PORT_TERMINAL
Pointe Noire,PNTN,ALL#WORLD#CWA#COG#PNTN,false,,PORT_TERMINAL
Wallaroo,PORT_AUWAL,ALL#WORLD#OCEAN#AUS#PORT_AUWAL,false,,PORT_TERMINAL
Montego Bay,PORT_MONB,ALL#WORLD#CTLAM#JAM#PORT_MONB,false,,PORT_TERMINAL
Mudra,MUDRA,ALL#WORLD#ASIA#IND#MUDRA,false,,PORT_TERMINAL
Karatsu,PORT_JPKAR,ALL#WORLD#ASIA#JPN#PORT_JPKAR,false,,PORT_TERMINAL
Port of LA LIBERTAD,PORT_LALIB,ALL#WORLD#OSAM#ECU#PORT_LALIB,false,,PORT_TERMINAL
Aps,PORT_APS,PORT_APS,false,,PORT_TERMINAL
Poole,PORT_GBPOOL,ALL#WORLD#EUR#GBR#PORT_GBPOOL,false,,PORT_TERMINAL
Dnipriany,PORT_DNIPRI,ALL#WORLD#CIS#UKR#PORT_DNIPRI,false,,PORT_TERMINAL
Tekirdag,PORT_TRTEK,ALL#WORLD#WESTE#TUR#PORT_TRTEK,false,,PORT_TERMINAL
Outport,OUTPORT,ALL#WORLD#ASIA#IDN#OUTPORT,false,,PORT_TERMINAL
Varna,PORT_BGVAR,ALL#WORLD#EUR#BGR#PORT_BGVAR,false,,PORT_TERMINAL
Fushiki,PORT_JPFTX,ALL#WORLD#ASIA#JPN#PORT_JPFTX,false,,PORT_TERMINAL
Port Chalmers,CHALMERS,ALL#WORLD#OCEAN#NZL#CHALMERS,false,,PORT_TERMINAL
Motril,PORT_ESMOT,ALL#WORLD#EUR#ESP#PORT_ESMOT,false,,PORT_TERMINAL
PACIFIC,PORT_USPFC,ALL#WORLD#NOAME#USA#PORT_USPFC,false,,PORT_TERMINAL
Jakarta,PORT_IDJKT,ALL#WORLD#ASIA#IDN#PORT_IDJKT,false,,PORT_TERMINAL
Pechischi,PORT_PECHISCHI,ALL#WORLD#CIS#RUS#PORT_PECHISCHI,false,,PORT_TERMINAL
Geelong,PORT_AUGEX,ALL#WORLD#OCEAN#AUS#PORT_AUGEX,false,,PORT_TERMINAL
Port of Cartagena,CARTAGENE,ALL#WORLD#EUR#ESP#CARTAGENE,false,,PORT_TERMINAL
Rockhampton,PORT_AUROK,ALL#WORLD#OCEAN#AUS#PORT_AUROK,false,,PORT_TERMINAL
Braila,PORT_ROBRA,ALL#WORLD#EUR#ROU#PORT_ROBRA,false,,PORT_TERMINAL
Rethymno,RETHY,ALL#WORLD#EUR#GRC#RETHY,false,,PORT_TERMINAL
Fateh Oil Terminal,PORT_SAFOT,ALL#WORLD#AFRMI#SAU#PORT_SAFOT,false,,PORT_TERMINAL
hadong Port,PORT_HADONG,ALL#WORLD#ASIA#KOR#PORT_HADONG,false,,PORT_TERMINAL
San Francisco,PORT_USSFO,ALL#WORLD#NOAME#USA#PORT_USSFO,false,,PORT_TERMINAL
Mar del Plata,MAR-DEL-PLATA,ALL#WORLD#Americas#SOAME#ARG#BUCAR#MAR-DEL-PLATA,false,,PORT_TERMINAL
Callao,PORT_PECLL,ALL#WORLD#OSAM#PER#PORT_PECLL,false,,PORT_TERMINAL
Sheerness,SHERNSS,ALL#WORLD#EUR#GBR#SHERNSS,false,,PORT_TERMINAL
Visakhapatnam,PORT_INVTZ,ALL#WORLD#ASIA#IND#PORT_INVTZ,false,,PORT_TERMINAL
Illichivsk Grain Terminal (Glencore),ILLI_GRAIN_GLENCORE,ALL#WORLD#CIS#UKR#SOUKR#ODESAO#CHORN#ILLI_GRAIN_GLENCORE,false,,PORT_TERMINAL
Puerto Montt,PORT_CLPMO,ALL#WORLD#OSAM#CHL#PORT_CLPMO,false,,PORT_TERMINAL
Ishigaki,PORT_JPISG,ALL#WORLD#ASIA#JPN#PORT_JPISG,false,,PORT_TERMINAL
Balchik,PORT_BGBAL,ALL#WORLD#EUR#BGR#PORT_BGBAL,false,,PORT_TERMINAL
Mina Khalid Port,MINA-KHALID,ALL#WORLD#UAE#MINA-KHALID,false,,PORT_TERMINAL
Beaumont TX,PORT_USBPT,ALL#WORLD#NOAME#USA#PORT_USBPT,false,,PORT_TERMINAL
Taiping,TPNG,ALL#WORLD#ASIA#CHN#TPNG,false,,PORT_TERMINAL
Merak,MERAK,ALL#WORLD#ASIA#IDN#MERAK,false,,PORT_TERMINAL
Fangcheng,PORT_CNFAN,ALL#WORLD#ASIA#CHN#PORT_CNFAN,false,,PORT_TERMINAL
Allseeds Black Sea,ALLSEEDS,ALL#WORLD#CIS#UKR#SOUKR#ODESAO#YUZHN#ALLSEEDS,false,,PORT_TERMINAL
Ciwandan,PORT_IDCIW,ALL#WORLD#ASIA#IDN#PORT_IDCIW,false,,PORT_TERMINAL
Balikpapan,PORT_IDBPN,ALL#WORLD#ASIA#IDN#PORT_IDBPN,false,,PORT_TERMINAL
Qinhuangdao,PORT_CNSHP,ALL#WORLD#ASIA#CHN#PORT_CNSHP,false,,PORT_TERMINAL
Port Elizabeth,PORT_ZAPLZ,ALL#WORLD#EASTA#ZAF#PORT_ZAPLZ,false,,PORT_TERMINAL
Santa Helena,PORT_BRSNH,ALL#WORLD#Americas#SOAME#BRA#PORT_BRSNH,false,,PORT_TERMINAL
Vlissingen,PORT_NLVLI,ALL#WORLD#EUR#NLD#PORT_NLVLI,false,,PORT_TERMINAL
New Chitose Airport,NEW_CH_AIR,ALL#WORLD#ASIA#JPN#NEW_CH_AIR,false,,PORT_TERMINAL
Mariupol,PORT_UAMPW,ALL#WORLD#CIS#UKR#PORT_UAMPW,false,,PORT_TERMINAL
Sydney,PORT_AUSYD,ALL#WORLD#OCEAN#AUS#PORT_AUSYD,false,,PORT_TERMINAL
Other Ports Pen. Malaysia,OTHER_PORTS_P-MALAYSIA,ALL#WORLD#ASIA#MYS#PENINSULAR_MALAYSIA#OTHER_PORTS_P-MALAYSIA,false,,PORT_TERMINAL
Aveiro,PORT_PTAVE,ALL#WORLD#EUR#PRT#PORT_PTAVE,false,,PORT_TERMINAL
Qinzhou,PORT_CNQZH,ALL#WORLD#ASIA#CHN#PORT_CNQZH,false,,PORT_TERMINAL
KHOMS,KHOMS,ALL#WORLD#AFRMI#LBY#KHOMS,false,,PORT_TERMINAL
Alger,PORT_DZALG,ALL#WORLD#DZA#PORT_DZALG,false,,PORT_TERMINAL
Dhekelia,PORT_CYDKL,ALL#WORLD#EUR#CYP#PORT_CYDKL,false,,PORT_TERMINAL
Olvia,PORT_UAOCT,ALL#WORLD#CIS#UKR#PORT_UAOCT,false,,PORT_TERMINAL
Umm Qasr,PORT_IQUQR,ALL#WORLD#AFRMI#IRQ#PORT_IQUQR,false,,PORT_TERMINAL
trincomalee Port,PORT_TRINCOMALEE,ALL#WORLD#ASIA#LKA#PORT_TRINCOMALEE,false,,PORT_TERMINAL
Trombetas Port,PORT_BRBTB,ALL#WORLD#Americas#SOAME#BRA#PORT_BRBTB,false,,PORT_TERMINAL
Maceio,PORT_BRMCZ,ALL#WORLD#Americas#SOAME#BRA#PORT_BRMCZ,false,,PORT_TERMINAL
Transservice,TRANSSERVICE,ALL#WORLD#CIS#UKR#SOUKR#ODESAO#CHORN#TRANSSERVICE,false,,PORT_TERMINAL
Cai Lan,PORT_VNCLN,ALL#WORLD#ASIA#VNM#PORT_VNCLN,false,,PORT_TERMINAL
EPQ,epq,ALL#WORLD#CTLAM#GTM#ESCGU#PUQGU#epq,false,,PORT_TERMINAL
Goa,PORT_INGOI,ALL#WORLD#ASIA#IND#PORT_INGOI,false,,PORT_TERMINAL
Damietta,PORT_EGDAM,ALL#WORLD#AFRMI#EGY#PORT_EGDAM,false,,PORT_TERMINAL
Cáceres,PORT_ESCCS,ALL#WORLD#EUR#ESP#PORT_ESCCS,false,,PORT_TERMINAL
Lyttelton,LYTT,ALL#WORLD#OCEAN#NZL#LYTT,false,,PORT_TERMINAL
Mongla,MNGLA,ALL#WORLD#ASIA#BGD#MNGLA,false,,PORT_TERMINAL
Semikarakorsk,PORT_RUSKK,ALL#WORLD#CIS#RUS#PORT_RUSKK,false,,PORT_TERMINAL
Vostochny Port,PORT_VOST,ALL#WORLD#CIS#RUS#PORT_VOST,false,,PORT_TERMINAL
Fremantle,PORT_AUFRE,ALL#WORLD#OCEAN#AUS#PORT_AUFRE,false,,PORT_TERMINAL
kwangyang Port,PORT_KWANGYANG,ALL#WORLD#ASIA#KOR#PORT_KWANGYANG,false,,PORT_TERMINAL
Puerto Barrios,PORT_GTPBR,ALL#WORLD#CTLAM#GTM#PORT_GTPBR,false,,PORT_TERMINAL
Port of St John,PORT_SJO,ALL#WORLD#NOAME#CAN#NEWBR#PORT_SJO,false,,PORT_TERMINAL
Owendo,PORT_OWD,ALL#WORLD#CWA#GAB#PORT_OWD,false,,PORT_TERMINAL
Himeji,PORT_JPHIM,ALL#WORLD#ASIA#JPN#PORT_JPHIM,false,,PORT_TERMINAL
Safaga,SAFAGAPORT,ALL#WORLD#AFRMI#EGY#SAFAGAPORT,false,,PORT_TERMINAL
kinuura Port,PORT_KINUURA,ALL#WORLD#ASIA#JPN#PORT_KINUURA,false,,PORT_TERMINAL
Bassens,PORT_FRBAS,ALL#WORLD#EUR#FRA#PORT_FRBAS,false,,PORT_TERMINAL
Vitove,PORT_CHEVI,ALL#WORLD#CIS#UKR#PORT_CHEVI,false,,PORT_TERMINAL
yeosu Port,PORT_YEOSU,ALL#WORLD#ASIA#KOR#PORT_YEOSU,false,,PORT_TERMINAL
Port of Punta Arenas,PORT_PUNA,ALL#WORLD#OSAM#CHL#PORT_PUNA,false,,PORT_TERMINAL
Djibouti,PORT_DJJIB,ALL#WORLD#AFRMI#DJI#PORT_DJJIB,false,,PORT_TERMINAL
Uruguaiana,PORT_BRURG,ALL#WORLD#Americas#SOAME#BRA#PORT_BRURG,false,,PORT_TERMINAL
Porbandar,PORT_INPBD,ALL#WORLD#ASIA#IND#PORT_INPBD,false,,PORT_TERMINAL
Komatsu Airport,KOMA_AIR,ALL#WORLD#ASIA#JPN#KOMA_AIR,false,,PORT_TERMINAL
Ibicuy,PORT_ARIBY,ALL#WORLD#Americas#SOAME#ARG#PORT_ARIBY,false,,PORT_TERMINAL
Vancouver,PORT_CAVAN,ALL#WORLD#NOAME#CAN#PORT_CAVAN,false,,PORT_TERMINAL
Quebec,PORT_CAQUE,ALL#WORLD#NOAME#CAN#PORT_CAQUE,false,,PORT_TERMINAL
Amagasaki,PORT_JPAMX,ALL#WORLD#ASIA#JPN#PORT_JPAMX,false,,PORT_TERMINAL
Onomichiitozaki,PORT_JPONX,ALL#WORLD#ASIA#JPN#PORT_JPONX,false,,PORT_TERMINAL
Oofunato,PORT_JPOFT,ALL#WORLD#ASIA#JPN#PORT_JPOFT,false,,PORT_TERMINAL
Port of Odesa,PORT_ODES,ALL#WORLD#CIS#UKR#PORT_ODES,false,,PORT_TERMINAL
Golfito,PORT_CRGOL,ALL#WORLD#CTLAM#CRI#PORT_CRGOL,false,,PORT_TERMINAL
Necochea,PORT_ARNEC,ALL#WORLD#Americas#SOAME#ARG#PORT_ARNEC,false,,PORT_TERMINAL
Kolkata,PORT_INCCU,ALL#WORLD#ASIA#IND#PORT_INCCU,false,,PORT_TERMINAL
Sandakan Port,SANDAKAN_PORT,ALL#WORLD#ASIA#MYS#SABAH_SARAWAK#SANDAKAN_PORT,false,,PORT_TERMINAL
Port Buenaventura,PORT_BUEN,ALL#WORLD#OSAM#COL#PORT_BUEN,false,,PORT_TERMINAL
Dalian,PORT_CNDLC,ALL#WORLD#ASIA#CHN#PORT_CNDLC,false,,PORT_TERMINAL
Pasir Gudang Port,PASIR_GUDANG_PORT,ALL#WORLD#ASIA#MYS#PENINSULAR_MALAYSIA#PASIR_GUDANG_PORT,false,,PORT_TERMINAL
Mauá,PORT_BRMWA,ALL#WORLD#Americas#SOAME#BRA#PORT_BRMWA,false,,PORT_TERMINAL
Praia da vitoria,PORT_PTPRV,ALL#WORLD#EUR#PRT#PORT_PTPRV,false,,PORT_TERMINAL
Hong Kong,PORT_HKHKG,ALL#WORLD#ASIA#HKG#PORT_HKHKG,false,,PORT_TERMINAL
Xiuyu,XIUYU,ALL#WORLD#ASIA#CHN#XIUYU,false,,PORT_TERMINAL
Fuzhou,PORT_CNFOC,ALL#WORLD#ASIA#CHN#PORT_CNFOC,false,,PORT_TERMINAL
Burgas,PORT_BGBOJ,ALL#WORLD#EUR#BGR#PORT_BGBOJ,false,,PORT_TERMINAL
Bage,PORT_BRBAG,ALL#WORLD#Americas#SOAME#BRA#PORT_BRBAG,false,,PORT_TERMINAL
Bandar Imam Khomeini,PORT_IRBIK,ALL#WORLD#AFRMI#IRN#PORT_IRBIK,false,,PORT_TERMINAL
Machong,PORT_CNMCH,ALL#WORLD#ASIA#CHN#PORT_CNMCH,false,,PORT_TERMINAL
Carboneras,PORT_ESCRS,ALL#WORLD#EUR#ESP#PORT_ESCRS,false,,PORT_TERMINAL
Map ta phut	,PORT_MAP_TA_PHUT,ALL#WORLD#ASIA#THA#PORT_MAP_TA_PHUT,false,,PORT_TERMINAL
Alta IA,PORT_USW82,ALL#WORLD#NOAME#USA#PORT_USW82,false,,PORT_TERMINAL
Port Napier,PORT_NAP,ALL#WORLD#OCEAN#NZL#PORT_NAP,false,,PORT_TERMINAL
Hakata,HAKATA,ALL#WORLD#ASIA#JPN#HAKATA,false,,PORT_TERMINAL
Port Renova,RENOVA,ALL#WORLD#Americas#SOAME#ARG#UPRIVER#RENOVA,false,,PORT_TERMINAL
Burela,PORT_ESBRL,ALL#WORLD#EUR#ESP#PORT_ESBRL,false,,PORT_TERMINAL
Kamsar,PORT_GNKMR,ALL#WORLD#AFRMI#GIN#PORT_GNKMR,false,,PORT_TERMINAL
Pasajes,PORT_ESPAS,ALL#WORLD#EUR#ESP#PORT_ESPAS,false,,PORT_TERMINAL
ICD Modinagar Port,PORT_INMUZ,ALL#WORLD#ASIA#IND#PORT_INMUZ,false,,PORT_TERMINAL
Port of Guaranao Bay,PORT_GUAR,ALL#WORLD#OSAM#VEN#PORT_GUAR,false,,PORT_TERMINAL
Tanjung Perak,PORT_TPERAK,ALL#WORLD#ASIA#IDN#PORT_TPERAK,false,,PORT_TERMINAL
Shimizu,PORT_JPSMZ,ALL#WORLD#ASIA#JPN#PORT_JPSMZ,false,,PORT_TERMINAL
Semarang,PORT_IDSRG,ALL#WORLD#ASIA#IDN#PORT_IDSRG,false,,PORT_TERMINAL
Thunder bay,PORT_CATHU,ALL#WORLD#NOAME#CAN#PORT_CATHU,false,,PORT_TERMINAL
Itaqui,PORT_BRITQ,ALL#WORLD#Americas#SOAME#BRA#PORT_BRITQ,false,,PORT_TERMINAL
Damman Port,PORT_DAM,ALL#WORLD#AFRMI#SAU#PORT_DAM,false,,PORT_TERMINAL
Narita Kokusai Airport,NKA,ALL#WORLD#ASIA#JPN#CHIBA#NKA,false,,PORT_TERMINAL
Saiki,PORT_JPSAE,ALL#WORLD#ASIA#JPN#PORT_JPSAE,false,,PORT_TERMINAL
Panama,PORT_PAPTY,ALL#WORLD#CTLAM#PAN#PORT_PAPTY,false,,PORT_TERMINAL
Kohsiung,KHSNG,ALL#WORLD#ASIA#TWN#KHSNG,false,,PORT_TERMINAL
Guangdong,PORT_CNGUT,ALL#WORLD#ASIA#CHN#PORT_CNGUT,false,,PORT_TERMINAL
PALMA MALLORCA,PALMAMAY,ALL#WORLD#EUR#ESP#PALMAMAY,false,,PORT_TERMINAL
sanghi port,PORT_SANGHI,ALL#WORLD#ASIA#IND#PORT_SANGHI,false,,PORT_TERMINAL
Zarzis,PORT_TNZRZ,ALL#WORLD#AFRMI#TUN#PORT_TNZRZ,false,,PORT_TERMINAL
Sousse,PORT_TNSUS,ALL#WORLD#AFRMI#TUN#PORT_TNSUS,false,,PORT_TERMINAL
Thevenard,PORT_AUTHE,ALL#WORLD#OCEAN#AUS#PORT_AUTHE,false,,PORT_TERMINAL
Port of Kali Limenes,PORT_KLIM,ALL#WORLD#EUR#GRC#PORT_KLIM,false,,PORT_TERMINAL
Gizan,PORT_SAGIZ,ALL#WORLD#AFRMI#SAU#PORT_SAGIZ,false,,PORT_TERMINAL
Oleum,PORT_USOL2,ALL#WORLD#NOAME#USA#PORT_USOL2,false,,PORT_TERMINAL
Giurgiu,PORT_ROGRG,ALL#WORLD#EUR#ROU#PORT_ROGRG,false,,PORT_TERMINAL
Puerto General San Martin,PGSM,ALL#WORLD#Americas#SOAME#ARG#UPRIVER#PGSM,false,,PORT_TERMINAL
New York NY,PORT_USNYC,ALL#WORLD#NOAME#USA#PORT_USNYC,false,,PORT_TERMINAL
Porto Di Malamocco,PORT_ITPMC,ALL#WORLD#EUR#ITA#PORT_ITPMC,false,,PORT_TERMINAL
Misratah,PORT_LYMRA,ALL#WORLD#AFRMI#LBY#PORT_LYMRA,false,,PORT_TERMINAL
Port Delfzijl,PORT_DELF,ALL#WORLD#EUR#NLD#PORT_DELF,false,,PORT_TERMINAL
Dongjiakou,PORT_CNDJK,ALL#WORLD#ASIA#CHN#PORT_CNDJK,false,,PORT_TERMINAL
Cotegipe Port,PORT_BRCGP,ALL#WORLD#Americas#SOAME#BRA#PORT_BRCGP,false,,PORT_TERMINAL
Mers El Kebir,PORT_DZMKR,ALL#WORLD#DZA#PORT_DZMKR,false,,PORT_TERMINAL
Hargshamn,HARSSHAMN,HARSSHAMN,false,,PORT_TERMINAL
Khabarovsk,PORT_RUKHV,ALL#WORLD#CIS#RUS#PORT_RUKHV,false,,PORT_TERMINAL
Aviles,PORT_ESAVL,ALL#WORLD#EUR#ESP#PORT_ESAVL,false,,PORT_TERMINAL
Butterworth Port,BUTTERWORTH_PORT,ALL#WORLD#ASIA#MYS#PENINSULAR_MALAYSIA#BUTTERWORTH_PORT,false,,PORT_TERMINAL
New Orleans LA,PORT_USMSY,ALL#WORLD#NOAME#USA#PORT_USMSY,false,,PORT_TERMINAL
Passing Muscat Outbound,PORT_PMO,ALL#WORLD#MIDDL#OMN#PORT_MUSCAT#PORT_PMO,false,,PORT_TERMINAL
ESKIHOLDEN,ESKIHOL,ESKIHOL,false,,PORT_TERMINAL
Makurazaki,PORT_JPMKK,ALL#WORLD#ASIA#JPN#PORT_JPMKK,false,,PORT_TERMINAL
Necochea or Bahía Blanca,NECO_BB,ALL#WORLD#Americas#SOAME#ARG#PAMAR#BUAPA#NECO_BB,false,,PORT_TERMINAL
Shannon Foynes,PORT_IESNN,ALL#WORLD#EUR#IRL#PORT_IESNN,false,,PORT_TERMINAL
Paradip port,PORT_INPRT,ALL#WORLD#ASIA#IND#PORT_INPRT,false,,PORT_TERMINAL
Mikawa,PORT_JPMIK,ALL#WORLD#ASIA#JPN#PORT_JPMIK,false,,PORT_TERMINAL
Yeisk,PORT_RUYEY,ALL#WORLD#CIS#RUS#PORT_RUYEY,false,,PORT_TERMINAL
eemshaven,PORT_EEMSHAVEN,ALL#WORLD#EUR#NLD#PORT_EEMSHAVEN,false,,PORT_TERMINAL
Rio Grande,PORT_BRRIG,ALL#WORLD#Americas#SOAME#BRA#PORT_BRRIG,false,,PORT_TERMINAL
Tongue Point,PORT_TONGUE-POINT,ALL#WORLD#NOAME#USA#PORT_TONGUE-POINT,false,,PORT_TERMINAL
Port of Maracaibo,PORT_MARA,ALL#WORLD#OSAM#VEN#PORT_MARA,false,,PORT_TERMINAL
Kamenka-Dneprovskaya,PORT_UAZUM,ALL#WORLD#CIS#UKR#PORT_UAZUM,false,,PORT_TERMINAL
Mossel Bay,PORT_ZAMBY,ALL#WORLD#EASTA#ZAF#PORT_ZAMBY,false,,PORT_TERMINAL
Richards Bay,PORT_RBAY,ALL#WORLD#EASTA#ZAF#KWZN#PORT_RBAY,false,,PORT_TERMINAL
Hadera,PORT_ILHAD,ALL#WORLD#AFRMI#ISR#PORT_ILHAD,false,,PORT_TERMINAL
Port Giles,PORT_AUPGI,ALL#WORLD#OCEAN#AUS#PORT_AUPGI,false,,PORT_TERMINAL
Ras Isa Marine Terminal,PORT_YERAI,ALL#WORLD#AFRMI#YEM#PORT_YERAI,false,,PORT_TERMINAL
Canadian Prairies,PORT_CANPS,ALL#WORLD#NOAME#CAN#PORT_CANPS,false,,PORT_TERMINAL
Ukrelevatorprom (ADM),UKRELEVATOR_ADM,ALL#WORLD#CIS#UKR#SOUKR#ODESAO#ODESA#UKRELEVATOR_ADM,false,,PORT_TERMINAL
Pleven,PORT_BGPVN,ALL#WORLD#EUR#BGR#PORT_BGPVN,false,,PORT_TERMINAL
Lianyungang,PORT_CNLYG,ALL#WORLD#ASIA#CHN#PORT_CNLYG,false,,PORT_TERMINAL
Yatai Port,PORT_YATAI,ALL#WORLD#ASIA#CHN#PORT_YATAI,false,,PORT_TERMINAL
Porto Santana,P-SANTANA,ALL#WORLD#Americas#SOAME#BRA#P-SANTANA,false,,PORT_TERMINAL
Port of West Point,PORT_USWOT,ALL#WORLD#NOAME#USA#PORT_USWOT,false,,PORT_TERMINAL
LOUISIANA,PORT_USLUA,ALL#WORLD#NOAME#USA#PORT_USLUA,false,,PORT_TERMINAL
Karaikal,PORT_INKRK,ALL#WORLD#ASIA#IND#PORT_INKRK,false,,PORT_TERMINAL
Riga,PORT_LVRIX,ALL#WORLD#EUR#LVA#PORT_LVRIX,false,,PORT_TERMINAL
Otaru,PORT_JPOTR,ALL#WORLD#ASIA#JPN#PORT_JPOTR,false,,PORT_TERMINAL
Port of South Louisiana,PORT_USLU8,ALL#WORLD#NOAME#USA#PORT_USLU8,false,,PORT_TERMINAL
Port Pirie,PORT_AUPPI,ALL#WORLD#OCEAN#AUS#PORT_AUPPI,false,,PORT_TERMINAL
Istanbul,PORT_TRIST,ALL#WORLD#WESTE#TUR#PORT_TRIST,false,,PORT_TERMINAL
Marunda,PORT_MARUNDA,ALL#WORLD#ASIA#IDN#PORT_MARUNDA,false,,PORT_TERMINAL
Gunsan,PORT_KRKUV,ALL#WORLD#ASIA#KOR#PORT_KRKUV,false,,PORT_TERMINAL
Maizuru,PORT_JPMAI,ALL#WORLD#ASIA#JPN#PORT_JPMAI,false,,PORT_TERMINAL
Koochi,PORT_JPKCZ,ALL#WORLD#ASIA#JPN#PORT_JPKCZ,false,,PORT_TERMINAL
Bejaia,PORT_DZBJA,ALL#WORLD#DZA#PORT_DZBJA,false,,PORT_TERMINAL
Lekki Port,PORT_NGLKK,ALL#WORLD#WESTA#NGA#PORT_NGLKK,false,,PORT_TERMINAL
Port Allen LA,PORT_USPLL,ALL#WORLD#NOAME#USA#PORT_USPLL,false,,PORT_TERMINAL
Verkhnepodpolniy,VERK_PORT,ALL#WORLD#CIS#RUS#VERK_PORT,false,,PORT_TERMINAL
Quarai,PORT_BRQRA,ALL#WORLD#Americas#SOAME#BRA#PORT_BRQRA,false,,PORT_TERMINAL
Port Augusta,PORT_AUG,ALL#WORLD#OCEAN#AUS#PORT_AUG,false,,PORT_TERMINAL
Samsun,PORT_TRSSX,ALL#WORLD#WESTE#TUR#PORT_TRSSX,false,,PORT_TERMINAL
Ulyanovsk,PORT_RUULY,ALL#WORLD#CIS#RUS#PORT_RUULY,false,,PORT_TERMINAL
Dionisio Cerqueira,PORT_BRDCA,ALL#WORLD#Americas#SOAME#BRA#PORT_BRDCA,false,,PORT_TERMINAL
Kamarajar Port (Ennore Port),PORT_INENR,ALL#WORLD#ASIA#IND#PORT_INENR,false,,PORT_TERMINAL
Port of Quintero,PORT_QUI,ALL#WORLD#OSAM#CHL#PORT_QUI,false,,PORT_TERMINAL
Khorfakkan Port,PORT_KHOR,ALL#WORLD#UAE#PORT_KHOR,false,,PORT_TERMINAL
Point Lisas Industrial Port,PORT_TTPLI,ALL#WORLD#CARIB#TTO#PORT_TTPLI,false,,PORT_TERMINAL
Sorel,PORT_CASOR,ALL#WORLD#NOAME#CAN#PORT_CASOR,false,,PORT_TERMINAL
Hakodate,PORT_JPHKD,ALL#WORLD#ASIA#JPN#PORT_JPHKD,false,,PORT_TERMINAL
TIS-Grain,TIS,ALL#WORLD#CIS#UKR#SOUKR#ODESAO#YUZHN#TIS,false,,PORT_TERMINAL
Atucha,PORT_ARATU,ALL#WORLD#Americas#SOAME#ARG#PORT_ARATU,false,,PORT_TERMINAL
Chui,PORT_BRCUI,ALL#WORLD#Americas#SOAME#BRA#PORT_BRCUI,false,,PORT_TERMINAL
Chicago IL,PORT_USCHI,ALL#WORLD#NOAME#USA#PORT_USCHI,false,,PORT_TERMINAL
London UK,PORT_GBLON,ALL#WORLD#EUR#GBR#PORT_GBLON,false,,PORT_TERMINAL
samcheonpo,SAMCHEONPOPORT,ALL#WORLD#ASIA#KOR#SAMCHEONPOPORT,false,,PORT_TERMINAL
Port San Antonio,P_SAN,ALL#WORLD#NOAME#USA#SOPLA#TEXAS#P_SAN,false,,PORT_TERMINAL
Dellys,PORT_DZDEL,ALL#WORLD#DZA#PORT_DZDEL,false,,PORT_TERMINAL
Port of London,LONDRES,ALL#WORLD#EUR#GBR#LONGR#LONDRES,false,,PORT_TERMINAL
New Plymouth Port,PORT_NPLY,ALL#WORLD#OCEAN#NZL#PORT_NPLY,false,,PORT_TERMINAL
Gdynia,PORT_PLGDY,ALL#WORLD#EUR#POL#PORT_PLGDY,false,,PORT_TERMINAL
Brasília,PORT_BRBSB,ALL#WORLD#Americas#SOAME#BRA#PORT_BRBSB,false,,PORT_TERMINAL
Seydisfjordur ,SEYDIS,ALL#WORLD#WESTE#ISL#SEYDIS,false,,PORT_TERMINAL
Diamante,PORT_ARDME,ALL#WORLD#Americas#SOAME#ARG#PORT_ARDME,false,,PORT_TERMINAL
Davant,PORT_USDVT,ALL#WORLD#NOAME#USA#PORT_USDVT,false,,PORT_TERMINAL
Ishikari,PORT_JPISI,ALL#WORLD#ASIA#JPN#PORT_JPISI,false,,PORT_TERMINAL
Abidjan,PORT_CIABJ,ALL#WORLD#WESTA#CIV#PORT_CIABJ,false,,PORT_TERMINAL
yosu port,PORT_YOSU,ALL#WORLD#ASIA#KOR#BUSAN#PORT_YOSU,false,,PORT_TERMINAL
Port Gisborne,PORT_GISB,ALL#WORLD#OCEAN#NZL#PORT_GISB,false,,PORT_TERMINAL
Saint petersburg,PORT_RULED,ALL#WORLD#CIS#RUS#PORT_RULED,false,,PORT_TERMINAL
Dampier,PORT_AUDAM,ALL#WORLD#OCEAN#AUS#PORT_AUDAM,false,,PORT_TERMINAL
Giresun,PORT_TRGIR,ALL#WORLD#WESTE#TUR#PORT_TRGIR,false,,PORT_TERMINAL
Ceará,PORT_BRCEA,ALL#WORLD#Americas#SOAME#BRA#PORT_BRCEA,false,,PORT_TERMINAL
Kansai Kokusai Airport,KANK_AI,ALL#WORLD#ASIA#JPN#KANK_AI,false,,PORT_TERMINAL
Port Said,PORT_EGPSD,ALL#WORLD#AFRMI#EGY#PORT_EGPSD,false,,PORT_TERMINAL
Rouen,PORT_FRURO,ALL#WORLD#EUR#FRA#PORT_FRURO,false,,PORT_TERMINAL
Kandla,PORT_INIXY,ALL#WORLD#ASIA#IND#PORT_INIXY,false,,PORT_TERMINAL
Blaye,PORT_FRBYE,ALL#WORLD#EUR#FRA#PORT_FRBYE,false,,PORT_TERMINAL
Calafat,PORT_ROCAF,ALL#WORLD#EUR#ROU#PORT_ROCAF,false,,PORT_TERMINAL
parcel Port,PARCEL_PORT,PARCEL_PORT,false,,PORT_TERMINAL
Port Kembla,PORT_AUPKL,ALL#WORLD#OCEAN#AUS#PORT_AUPKL,false,,PORT_TERMINAL
Rondônia,PORT_BRCVN,ALL#WORLD#Americas#SOAME#BRA#PORT_BRCVN,false,,PORT_TERMINAL
Harare,HARARE,ALL#WORLD#EASTA#ZWE#HARARE,false,,PORT_TERMINAL
Talbotville ON,PORT_CATAL,ALL#WORLD#NOAME#CAN#PORT_CATAL,false,,PORT_TERMINAL
Minamata,PORT_JPMIN,ALL#WORLD#ASIA#JPN#PORT_JPMIN,false,,PORT_TERMINAL
Port Klang,PORT_MYPKG,ALL#WORLD#ASIA#MYS#PORT_MYPKG,false,,PORT_TERMINAL
Uno,PORT_JPUNO,ALL#WORLD#ASIA#JPN#PORT_JPUNO,false,,PORT_TERMINAL
Wellington Port,PORT_WELLINGTON,ALL#WORLD#OCEAN#NZL#PORT_WELLINGTON,false,,PORT_TERMINAL
Port of Tauranga ,PORT_TAUG,ALL#WORLD#OCEAN#NZL#PORT_TAUG,false,,PORT_TERMINAL
Port of Aqaba,PORT_JOAQB,ALL#WORLD#AFRMI#JOR#PORT_JOAQB,false,,PORT_TERMINAL
Amuay,PORT_AMU,ALL#WORLD#OSAM#VEN#PORT_AMU,false,,PORT_TERMINAL
Shiga,PORT_SHIG,ALL#WORLD#ASIA#JPN#PORT_SHIG,false,,PORT_TERMINAL
Dtse / Gegua Oil Terminal,PORT_DTSE,ALL#WORLD#Americas#SOAME#BRA#PORT_DTSE,false,,PORT_TERMINAL
Port Elizabeth Algoa Bay,PORT_ELAB,ALL#WORLD#EASTA#ZAF#CAPE_GH#PORT_ELAB,false,,PORT_TERMINAL
Gabes,PORT_TNGAE,ALL#WORLD#AFRMI#TUN#PORT_TNGAE,false,,PORT_TERMINAL
Bayport,BAYPORT,ALL#WORLD#NOAME#USA#SOPLA#TEXAS#BAYPORT,false,,PORT_TERMINAL
Haldia Port,PORT_INHAL,ALL#WORLD#ASIA#IND#PORT_INHAL,false,,PORT_TERMINAL
Açu,PORT_BRACX,ALL#WORLD#Americas#SOAME#BRA#PORT_BRACX,false,,PORT_TERMINAL
Huangpu,PORT_CNHUA,ALL#WORLD#ASIA#CHN#PORT_CNHUA,false,,PORT_TERMINAL
ICD Bangalore Port,PORT_INBLR,ALL#WORLD#ASIA#IND#PORT_INBLR,false,,PORT_TERMINAL
LANZAROTE,LANZAROTE,ALL#WORLD#EUR#ESP#LANZAROTE,false,,PORT_TERMINAL
Ramallo,PORT_ARRAM,ALL#WORLD#Americas#SOAME#ARG#PORT_ARRAM,false,,PORT_TERMINAL
Vacamonte,PORT_PAVAC,ALL#WORLD#CTLAM#PAN#PORT_PAVAC,false,,PORT_TERMINAL
Kaliningrad,PORT_RUKGD,ALL#WORLD#CIS#RUS#PORT_RUKGD,false,,PORT_TERMINAL
Sakata,PORT_JPSKT,ALL#WORLD#ASIA#JPN#PORT_JPSKT,false,,PORT_TERMINAL
Kiire,PORT_JPKII,ALL#WORLD#ASIA#JPN#PORT_JPKII,false,,PORT_TERMINAL
Vysotsk,VYSOTSK,ALL#WORLD#CIS#RUS#VYSOTSK,false,,PORT_TERMINAL
Surabaya,PORT_IDSUB,ALL#WORLD#ASIA#IDN#PORT_IDSUB,false,,PORT_TERMINAL
Poleng Oil Field,PORT_IDPOL,ALL#WORLD#ASIA#IDN#PORT_IDPOL,false,,PORT_TERMINAL
Tanjung Buyut,TANJUNG_BUYUT,ALL#WORLD#ASIA#IDN#TANJUNG_BUYUT,false,,PORT_TERMINAL
Port of Spain,PORT_SPA,ALL#WORLD#CARIB#TTO#PORT_SPA,false,,PORT_TERMINAL
Gladstone,PORT_AUGLT,ALL#WORLD#OCEAN#AUS#PORT_AUGLT,false,,PORT_TERMINAL
Tagonoura,PORT_JPTGO,ALL#WORLD#ASIA#JPN#PORT_JPTGO,false,,PORT_TERMINAL
Norfolk Terminal VA,PORT_USORF,ALL#WORLD#NOAME#USA#PORT_USORF,false,,PORT_TERMINAL
Southwest Pass,PORT_USSW8,ALL#WORLD#NOAME#USA#PORT_USSW8,false,,PORT_TERMINAL
Vila do conde,PORT_PTVIC,ALL#WORLD#EUR#PRT#PORT_PTVIC,false,,PORT_TERMINAL
Matarbari,PORT_MATAR,ALL#WORLD#ASIA#BGD#PORT_MATAR,false,,PORT_TERMINAL
Port of Halifax,PORT_HAL,ALL#WORLD#NOAME#CAN#NOVSC#PORT_HAL,false,,PORT_TERMINAL
Santiago De Cuba,SANTIAGO_CUBA,ALL#WORLD#CTLAM#CUB#SANTIAGO_CUBA,false,,PORT_TERMINAL
Aden,PORT_YEADE,ALL#WORLD#AFRMI#YEM#PORT_YEADE,false,,PORT_TERMINAL
Huludao Gang,PORT_CNHLD,ALL#WORLD#ASIA#CHN#PORT_CNHLD,false,,PORT_TERMINAL
Mykolaiv,PORT_UANLV,ALL#WORLD#CIS#UKR#PORT_UANLV,false,,PORT_TERMINAL
ASHDOD,ASHDOD,ALL#WORLD#AFRMI#ISR#ASHDOD,false,,PORT_TERMINAL
Go Gia,PORT_GOGIA,ALL#WORLD#ASIA#VNM#PORT_GOGIA,false,,PORT_TERMINAL
KORSOR,KORSOR,ALL#WORLD#EUR#DNK#KORSOR,false,,PORT_TERMINAL
Split,PORT_HRSPU,ALL#WORLD#EUR#HRV#PORT_HRSPU,false,,PORT_TERMINAL
Buenos Aires,PORT_ARBUE,ALL#WORLD#Americas#SOAME#ARG#PORT_ARBUE,false,,PORT_TERMINAL
Izmail,PORT_UAIZM,ALL#WORLD#CIS#UKR#PORT_UAIZM,false,,PORT_TERMINAL
Fukui,PORT_JPFKJ,ALL#WORLD#ASIA#JPN#PORT_JPFKJ,false,,PORT_TERMINAL
Port of Kingston,PORT_KIJM,ALL#WORLD#CTLAM#JAM#PORT_KIJM,false,,PORT_TERMINAL
Svishtov,PORT_BGSVZ,ALL#WORLD#EUR#BGR#PORT_BGSVZ,false,,PORT_TERMINAL
Hoofu,PORT_JPHOF,ALL#WORLD#ASIA#JPN#PORT_JPHOF,false,,PORT_TERMINAL
Nouadhibou,NOUADHIBOU,ALL#WORLD#AFRMI#MRT#NOUADHIBOU,false,,PORT_TERMINAL
Mariveles,PORT_PHMVS,ALL#WORLD#ASIA#PHL#PORT_PHMVS,false,,PORT_TERMINAL
Tokyo Koukuu Kamotsu	,TKK,ALL#WORLD#ASIA#JPN#TKK,false,,PORT_TERMINAL
Westwego LA,PORT_USWWO,ALL#WORLD#NOAME#USA#PORT_USWWO,false,,PORT_TERMINAL
Cochin,PORT_COCHIN,ALL#WORLD#ASIA#IND#SOUIN#KERAL#KOCHI#PORT_COCHIN,false,,PORT_TERMINAL
Xinyang,PORT_CNING,ALL#WORLD#ASIA#CHN#PORT_CNING,false,,PORT_TERMINAL
Bruges,PORT_BEBGS,ALL#WORLD#EUR#BEL#PORT_BEBGS,false,,PORT_TERMINAL
Szczecin,PORT_PLSZZ,ALL#WORLD#EUR#POL#PORT_PLSZZ,false,,PORT_TERMINAL
Tsuruga,PORT_JPTRG,ALL#WORLD#ASIA#JPN#PORT_JPTRG,false,,PORT_TERMINAL
KARASU,PORT_TRKRS,ALL#WORLD#WESTE#TUR#PORT_TRKRS,false,,PORT_TERMINAL
Bagaevskaya,PORT_RUBGV,ALL#WORLD#CIS#RUS#PORT_RUBGV,false,,PORT_TERMINAL
San Lorenzo,PORT_ARSLO,ALL#WORLD#Americas#SOAME#ARG#PORT_ARSLO,false,,PORT_TERMINAL
Higashiharima,PORT_JPHHR,ALL#WORLD#ASIA#JPN#PORT_JPHHR,false,,PORT_TERMINAL
Trostyanka,PORT_TROSTY,ALL#WORLD#CIS#RUS#PORT_TROSTY,false,,PORT_TERMINAL
Okayama Airport,PORT_JPOKJ,ALL#WORLD#ASIA#JPN#PORT_JPOKJ,false,,PORT_TERMINAL
Douala,PORT_CMDLA,ALL#WORLD#WESTA#CMR#PORT_CMDLA,false,,PORT_TERMINAL
Doraleh,PORT_DJDOR,ALL#WORLD#AFRMI#DJI#PORT_DJDOR,false,,PORT_TERMINAL
Osaka Sakai,PORT_JPOSA,ALL#WORLD#ASIA#JPN#PORT_JPOSA,false,,PORT_TERMINAL
Fukuoka Airport,FUKU_AIR,ALL#WORLD#ASIA#JPN#FUKU_AIR,false,,PORT_TERMINAL
Cartagena,PORT_ESCAR,ALL#WORLD#EUR#ESP#PORT_ESCAR,false,,PORT_TERMINAL
AB QIR,ABQIR,ALL#WORLD#AFRMI#EGY#ABQIR,false,,PORT_TERMINAL
Ventspils,PORT_LVVNT,ALL#WORLD#EUR#LVA#PORT_LVVNT,false,,PORT_TERMINAL
Nemrut Bay,PORT_TRNEM,ALL#WORLD#WESTE#TUR#PORT_TRNEM,false,,PORT_TERMINAL
Parnamirim,PORT_BRPMM,ALL#WORLD#Americas#SOAME#BRA#PORT_BRPMM,false,,PORT_TERMINAL
 Beilun Port,PORT_BEI,ALL#WORLD#ASIA#CHN#ZHEJI#PORT_BEI,false,,PORT_TERMINAL
Civitavecchia,PORT_ITCVV,ALL#WORLD#EUR#ITA#PORT_ITCVV,false,,PORT_TERMINAL
Ein El Sokhna,EIN_EL_SOKHNA,ALL#WORLD#AFRMI#EGY#EIN_EL_SOKHNA,false,,PORT_TERMINAL
Port Paranam,PORT_PARA,ALL#WORLD#OSAM#SUR#PORT_PARA,false,,PORT_TERMINAL
Porto de Juruti,PORT_BRJUR,ALL#WORLD#Americas#SOAME#BRA#PORT_BRJUR,false,,PORT_TERMINAL
Sao Borja,PORT_BRSBA,ALL#WORLD#Americas#SOAME#BRA#PORT_BRSBA,false,,PORT_TERMINAL
Bontang,PORT_IDBXT,ALL#WORLD#ASIA#IDN#PORT_IDBXT,false,,PORT_TERMINAL
Barcelona,PORT_ESBCN,ALL#WORLD#EUR#ESP#PORT_ESBCN,false,,PORT_TERMINAL
Veracruz,PORT_MXVER,ALL#WORLD#NOAME#MEX#PORT_MXVER,false,,PORT_TERMINAL
Jebel Ali,PORT_AEJEA,PORT_AEJEA,false,,PORT_TERMINAL
Puerto de Cristobal,PORT_PDCR,ALL#WORLD#CTLAM#PAN#PORT_PDCR,false,,PORT_TERMINAL
Saint Lawrence,PORT_CASLA,ALL#WORLD#NOAME#CAN#PORT_CASLA,false,,PORT_TERMINAL
Puerto Cortes,PORT_HNPCT,ALL#WORLD#CTLAM#HND#PORT_HNPCT,false,,PORT_TERMINAL
Koper,PORT_SIKOP,ALL#WORLD#EUR#SVN#PORT_SIKOP,false,,PORT_TERMINAL
Aransas,PORT_USPAR,ALL#WORLD#NOAME#USA#PORT_USPAR,false,,PORT_TERMINAL
Porto do Forno,PORT_BRFNO,ALL#WORLD#Americas#SOAME#BRA#PORT_BRFNO,false,,PORT_TERMINAL
Yangzijiang,PORT_YANGZG,ALL#WORLD#ASIA#CHN#PORT_YANGZG,false,,PORT_TERMINAL
King Fahad Industrial Port,PORT_SAYBI,ALL#WORLD#AFRMI#SAU#PORT_SAYBI,false,,PORT_TERMINAL
Canakkale,PORT_TRCKZ,ALL#WORLD#WESTE#TUR#PORT_TRCKZ,false,,PORT_TERMINAL
Kishiwada,PORT_JPKDA,ALL#WORLD#ASIA#JPN#PORT_JPKDA,false,,PORT_TERMINAL
ho ping port,PORT_HO_PING,ALL#WORLD#ASIA#TWN#PORT_HO_PING,false,,PORT_TERMINAL
Moji,PORT_JPMOJ,ALL#WORLD#ASIA#JPN#PORT_JPMOJ,false,,PORT_TERMINAL
Jose Terminal,JOSE_VEN,ALL#WORLD#OSAM#VEN#JOSE_VEN,false,,PORT_TERMINAL
Port of Changjiangkou,PORT_CNCJK,ALL#WORLD#ASIA#CHN#PORT_CNCJK,false,,PORT_TERMINAL
Skaw,PORT_DKSKW,ALL#WORLD#EUR#DNK#PORT_DKSKW,false,,PORT_TERMINAL
Brisbane,PORT_AUBNE,ALL#WORLD#OCEAN#AUS#PORT_AUBNE,false,,PORT_TERMINAL
Dikili,DIKILI,ALL#WORLD#WESTE#TUR#DIKILI,false,,PORT_TERMINAL
Yantai,PORT_CNYTG,ALL#WORLD#ASIA#CHN#PORT_CNYTG,false,,PORT_TERMINAL
Sao Paulo,PORT_BRSAO,ALL#WORLD#Americas#SOAME#BRA#PORT_BRSAO,false,,PORT_TERMINAL
Olimpex-Coupe,OLIMPEX,ALL#WORLD#CIS#UKR#SOUKR#ODESAO#ODESA#OLIMPEX,false,,PORT_TERMINAL
Kinsale Port,PORT_IEKLN,ALL#WORLD#EUR#IRL#PORT_IEKLN,false,,PORT_TERMINAL
EVT,EVT,ALL#WORLD#CIS#UKR#SOUKR#MYKOL#OLVIA#EVT,false,,PORT_TERMINAL
Newport TN,PORT_USNOZ,ALL#WORLD#NOAME#USA#PORT_USNOZ,false,,PORT_TERMINAL
IN/UL,IN_UL,ALL#WORLD#ASIA#KOR#IN_UL,false,,PORT_TERMINAL
Port Christchurch,PORT_CHRIS,ALL#WORLD#OCEAN#NZL#PORT_CHRIS,false,,PORT_TERMINAL
Sohar,PORT_SOHAR,ALL#WORLD#MIDDL#OMN#PORT_SOHAR,false,,PORT_TERMINAL
Davao,PORT_PHDVO,ALL#WORLD#ASIA#PHL#PORT_PHDVO,false,,PORT_TERMINAL
Itajaí,PORT_BRITJ,ALL#WORLD#Americas#SOAME#BRA#PORT_BRITJ,false,,PORT_TERMINAL
Tokyo,PORT_JPTYO,ALL#WORLD#ASIA#JPN#PORT_JPTYO,false,,PORT_TERMINAL
Suape,PORT_BRSUA,ALL#WORLD#Americas#SOAME#BRA#PORT_BRSUA,false,,PORT_TERMINAL
Kijang,PORT_IDKIJ,ALL#WORLD#ASIA#IDN#PORT_IDKIJ,false,,PORT_TERMINAL
Kaohsiung,PORT_TWKHH,ALL#WORLD#ASIA#TWN#PORT_TWKHH,false,,PORT_TERMINAL
Houston TX,PORT_USHOU,ALL#WORLD#NOAME#USA#PORT_USHOU,false,,PORT_TERMINAL
Sagunto,PORT_ESSAG,ALL#WORLD#EUR#ESP#PORT_ESSAG,false,,PORT_TERMINAL
Kanazawa,PORT_JPKNZ,ALL#WORLD#ASIA#JPN#PORT_JPKNZ,false,,PORT_TERMINAL
El Dekheila,PORT_EGEDK,ALL#WORLD#AFRMI#EGY#PORT_EGEDK,false,,PORT_TERMINAL
Puerto Quetzal,PORT_GTPRQ,ALL#WORLD#CTLAM#GTM#PORT_GTPRQ,false,,PORT_TERMINAL
Jeddah,PORT_SAJED,ALL#WORLD#AFRMI#SAU#PORT_SAJED,false,,PORT_TERMINAL
Sassnitz,PORT_DESAS,ALL#WORLD#EUR#DEU#PORT_DESAS,false,,PORT_TERMINAL
Bahia De Valparaiso,PORT_CLBAP,ALL#WORLD#OSAM#CHL#PORT_CLBAP,false,,PORT_TERMINAL
Mundo Novo,PORT_BRMNN,ALL#WORLD#Americas#SOAME#BRA#PORT_BRMNN,false,,PORT_TERMINAL
Muscat,PORT_OMMCT,ALL#WORLD#MIDDL#OMN#PORT_OMMCT,false,,PORT_TERMINAL
Bridgetown,PORT_BBBRG,ALL#WORLD#CARIB#BRB#PORT_BBBRG,false,,PORT_TERMINAL
Terminal Integrador Uberaba,PORT_TIUB,ALL#WORLD#Americas#SOAME#BRA#BRASE#MINAS#UBRMI#PORT_TIUB,false,,PORT_TERMINAL
Antonina,PORT_BRANT,ALL#WORLD#Americas#SOAME#BRA#PORT_BRANT,false,,PORT_TERMINAL
Kamaishi,PORT_JPKIS,ALL#WORLD#ASIA#JPN#PORT_JPKIS,false,,PORT_TERMINAL
ICD Loni Port,PORT_INNOI,ALL#WORLD#ASIA#IND#PORT_INNOI,false,,PORT_TERMINAL
Fos-sur-Mer,PORT_FRCOU,ALL#WORLD#EUR#FRA#PORT_FRCOU,false,,PORT_TERMINAL
Beihai,PORT_CNBHY,ALL#WORLD#ASIA#CHN#PORT_CNBHY,false,,PORT_TERMINAL
Tuapse,PORT_RUTUA,ALL#WORLD#CIS#RUS#PORT_RUTUA,false,,PORT_TERMINAL
Goseong Port,PORT_GOSEONG,ALL#WORLD#ASIA#CHN#PORT_GOSEONG,false,,PORT_TERMINAL
Torres Strait,PORT_AUTR0,ALL#WORLD#OCEAN#AUS#PORT_AUTR0,false,,PORT_TERMINAL
Balboa,PORT_PABLB,ALL#WORLD#CTLAM#PAN#PORT_PABLB,false,,PORT_TERMINAL
Midia,MIDIA,ALL#WORLD#EUR#ROU#MIDIA,false,,PORT_TERMINAL
Chubu Kokusai Airport,CHUB_AIR,ALL#WORLD#ASIA#JPN#CHUB_AIR,false,,PORT_TERMINAL
Port El Guamache,PORT_GUA,ALL#WORLD#OSAM#VEN#PORT_GUA,false,,PORT_TERMINAL
DJEN-DJEN,DJEN,ALL#WORLD#DZA#DJEN,false,,PORT_TERMINAL
Ras Tannurah,PORT_SARTN,ALL#WORLD#AFRMI#SAU#PORT_SARTN,false,,PORT_TERMINAL
Nemuro,PORT_JPNEM,ALL#WORLD#ASIA#JPN#PORT_JPNEM,false,,PORT_TERMINAL
Kozloduy,KOZ_PORT,ALL#WORLD#EUR#BGR#KOZ_PORT,false,,PORT_TERMINAL
Port of Charleston,PORT_CHAR,ALL#WORLD#NOAME#USA#APPAL#NOCAR#PORT_CHAR,false,,PORT_TERMINAL
Rangoon,PORT_MMRGN,ALL#WORLD#ASIA#MMR#PORT_MMRGN,false,,PORT_TERMINAL
Tacoma WA,PORT_USTIW,ALL#WORLD#NOAME#USA#PORT_USTIW,false,,PORT_TERMINAL
Tokachi,PORT_JPTOK,ALL#WORLD#ASIA#JPN#PORT_JPTOK,false,,PORT_TERMINAL
Tsu,PORT_JPTSU,ALL#WORLD#ASIA#JPN#PORT_JPTSU,false,,PORT_TERMINAL
hon gai Port,PORT_HON_GAI,ALL#WORLD#ASIA#VNM#PORT_HON_GAI,false,,PORT_TERMINAL
San martin,PORT_ARSMA,ALL#WORLD#Americas#SOAME#ARG#PORT_ARSMA,false,,PORT_TERMINAL
Timbues,PORT_ARTIM,ALL#WORLD#Americas#SOAME#ARG#PORT_ARTIM,false,,PORT_TERMINAL
Miike,PORT_JPMII,ALL#WORLD#ASIA#JPN#PORT_JPMII,false,,PORT_TERMINAL
Myrtle Grove LA,PORT_USMYG,ALL#WORLD#NOAME#USA#PORT_USMYG,false,,PORT_TERMINAL
Other Ports Sabah & Sarawak,OTHER_PORTS_SABAH-SARAWAK,ALL#WORLD#ASIA#MYS#SABAH_SARAWAK#OTHER_PORTS_SABAH-SARAWAK,false,,PORT_TERMINAL
Methanier,PORT_DZMTH,ALL#WORLD#DZA#PORT_DZMTH,false,,PORT_TERMINAL
isdemir Port,PORT_ISDEMIR,ALL#WORLD#WESTE#TUR#PORT_ISDEMIR,false,,PORT_TERMINAL
Lima,PORT_ARLIM,ALL#WORLD#Americas#SOAME#ARG#PORT_ARLIM,false,,PORT_TERMINAL
imazato,IMZATO,ALL#WORLD#ASIA#JPN#IMZATO,false,,PORT_TERMINAL
Porto Velho,PORT_BRPVH,ALL#WORLD#Americas#SOAME#BRA#PORT_BRPVH,false,,PORT_TERMINAL
As-Salif,PORT_YESAL,ALL#WORLD#AFRMI#YEM#PORT_YESAL,false,,PORT_TERMINAL
João Pessoa,PORT_BRJPA,ALL#WORLD#Americas#SOAME#BRA#PORT_BRJPA,false,,PORT_TERMINAL
Darrow LA,PORT_USDRR,ALL#WORLD#NOAME#USA#PORT_USDRR,false,,PORT_TERMINAL
Duqm Port,PORT_DUQ,ALL#WORLD#MIDDL#OMN#PORT_DUQ,false,,PORT_TERMINAL
Antwerp,PORT_BEANR,ALL#WORLD#EUR#BEL#PORT_BEANR,false,,PORT_TERMINAL
Tanjung Emas,PORT_TEMAS,ALL#WORLD#ASIA#IDN#PORT_TEMAS,false,,PORT_TERMINAL
Renfrew,PORT_CARNF,ALL#WORLD#NOAME#CAN#PORT_CARNF,false,,PORT_TERMINAL
Kagoshima Airport,KAGO_AIR,ALL#WORLD#ASIA#JPN#KAGO_AIR,false,,PORT_TERMINAL
Zaporizhe Oblast,PORT_UAZPR,ALL#WORLD#CIS#UKR#PORT_UAZPR,false,,PORT_TERMINAL
Sete,PORT_FRSET,ALL#WORLD#EUR#FRA#PORT_FRSET,false,,PORT_TERMINAL
Tarragona,PORT_ESTAR,ALL#WORLD#EUR#ESP#PORT_ESTAR,false,,PORT_TERMINAL
Rabigh,PORT_SARAB,ALL#WORLD#AFRMI#SAU#PORT_SARAB,false,,PORT_TERMINAL
Nikolaevskaya,PORT_RUNIA,ALL#WORLD#CIS#RUS#PORT_RUNIA,false,,PORT_TERMINAL
Churchill,PORT_CACHH,ALL#WORLD#NOAME#CAN#PORT_CACHH,false,,PORT_TERMINAL
Baltimore,PORT_USBAL,ALL#WORLD#NOAME#USA#PORT_USBAL,false,,PORT_TERMINAL
Aalborg,PORT_DKAAL,ALL#WORLD#EUR#DNK#PORT_DKAAL,false,,PORT_TERMINAL
Valparaiso,PORT_BRVPO,ALL#WORLD#Americas#SOAME#BRA#PORT_BRVPO,false,,PORT_TERMINAL
Volgodonsk,PORT_RUVLK,ALL#WORLD#CIS#RUS#PORT_RUVLK,false,,PORT_TERMINAL
Port of Talcahuano,PORT_TALC,ALL#WORLD#OSAM#CHL#PORT_TALC,false,,PORT_TERMINAL
Boa Vista,PORT_BRABV,ALL#WORLD#Americas#SOAME#BRA#PORT_BRABV,false,,PORT_TERMINAL
Port of La Libertad,PORT_LLI,ALL#WORLD#CTLAM#SLV#PORT_LLI,false,,PORT_TERMINAL
Kobe,PORT_JPUKB,ALL#WORLD#ASIA#JPN#PORT_JPUKB,false,,PORT_TERMINAL
Port of Nieuw Nickerie,PORT_NINI,ALL#WORLD#OSAM#SUR#PORT_NINI,false,,PORT_TERMINAL
Laizhou Port,PORT_CNLZO,ALL#WORLD#ASIA#CHN#PORT_CNLZO,false,,PORT_TERMINAL
TURABAU,TURABAU,TURABAU,false,,PORT_TERMINAL
Tarahan,PORT_IDTRH,ALL#WORLD#ASIA#IDN#PORT_IDTRH,false,,PORT_TERMINAL
Port of Puerto Cabello,PORT_PUCA,ALL#WORLD#OSAM#VEN#PORT_PUCA,false,,PORT_TERMINAL
Zhelezny Port,ZHZNY,ALL#WORLD#CIS#UKR#SOUKR#KHERS#ZHZNY,false,,PORT_TERMINAL
Atakas ,ATAKAS,ALL#WORLD#WESTE#TUR#ATAKAS,false,,PORT_TERMINAL
Porto De Mucuripe,PORT_BRMCP,ALL#WORLD#Americas#SOAME#BRA#PORT_BRMCP,false,,PORT_TERMINAL
Jaguarao,PORT_BRJAG,ALL#WORLD#Americas#SOAME#BRA#PORT_BRJAG,false,,PORT_TERMINAL
Ilovatka,PORT_ILOVATKA,ALL#WORLD#CIS#RUS#PORT_ILOVATKA,false,,PORT_TERMINAL
Sirajganj,PORT_BDSAJ,ALL#WORLD#ASIA#BGD#PORT_BDSAJ,false,,PORT_TERMINAL
ICD Dadri Port,PORT_INDER,ALL#WORLD#ASIA#IND#PORT_INDER,false,,PORT_TERMINAL
Oostende,PORT_BEOST,ALL#WORLD#EUR#BEL#PORT_BEOST,false,,PORT_TERMINAL
Neptune,NEPTUNE,ALL#WORLD#CIS#UKR#SOUKR#ODESAO#YUZHN#NEPTUNE,false,,PORT_TERMINAL
Berdyansk,PORT_UAERD,ALL#WORLD#CIS#UKR#PORT_UAERD,false,,PORT_TERMINAL
Staraya Mayna,PORT_STARAYAM,ALL#WORLD#CIS#RUS#PORT_STARAYAM,false,,PORT_TERMINAL
Temriouk,PORT_RUTMR,ALL#WORLD#CIS#RUS#PORT_RUTMR,false,,PORT_TERMINAL
Izmir,PORT_TRIZM,ALL#WORLD#WESTE#TUR#PORT_TRIZM,false,,PORT_TERMINAL
Swinoujscie,PORT_PLSWI,ALL#WORLD#EUR#POL#PORT_PLSWI,false,,PORT_TERMINAL
Togliatti,PORT_TOLIATTI,ALL#WORLD#CIS#RUS#PORT_TOLIATTI,false,,PORT_TERMINAL
Macaé,PORT_BRMEA,ALL#WORLD#Americas#SOAME#BRA#PORT_BRMEA,false,,PORT_TERMINAL
Scheveningen,PORT_NLSCH,ALL#WORLD#EUR#NLD#PORT_NLSCH,false,,PORT_TERMINAL
Dnipropetrovsk,PORT_UADNK,ALL#WORLD#CIS#UKR#PORT_UADNK,false,,PORT_TERMINAL
Miritituba,MIRITITI,ALL#WORLD#Americas#SOAME#BRA#PARABRAZ#MIRITITI,false,,PORT_TERMINAL
Santos,PORT_BRSSZ,ALL#WORLD#Americas#SOAME#BRA#PORT_BRSSZ,false,,PORT_TERMINAL
Vila de Conde,PORT_VDCO,ALL#WORLD#Americas#SOAME#BRA#PORT_VDCO,false,,PORT_TERMINAL
Port-la-Nouvelle,PORT_FRNOU,ALL#WORLD#EUR#FRA#PORT_FRNOU,false,,PORT_TERMINAL
Fazendinha Port,PORT_FAZDH,ALL#WORLD#Americas#SOAME#BRA#PORT_FAZDH,false,,PORT_TERMINAL
Puerto Borburata,PORT_VENBRB,ALL#WORLD#OSAM#VEN#PORT_VENBRB,false,,PORT_TERMINAL
Port Gothenburg,PORT_GOTH,ALL#WORLD#EUR#SWE#PORT_GOTH,false,,PORT_TERMINAL
matsuura Port,PORT_MATSUURA,ALL#WORLD#ASIA#JPN#PORT_MATSUURA,false,,PORT_TERMINAL
gunsan Port,PORT_GUNSAN,ALL#WORLD#ASIA#KOR#PORT_GUNSAN,false,,PORT_TERMINAL
ICD Sonipat Port,PORT_INSON,ALL#WORLD#ASIA#IND#PORT_INSON,false,,PORT_TERMINAL
Jaigarh Port,PORT_INJGD,ALL#WORLD#ASIA#IND#PORT_INJGD,false,,PORT_TERMINAL
Foz Do Iguacu,PORT_BRIGU,ALL#WORLD#Americas#SOAME#BRA#PORT_BRIGU,false,,PORT_TERMINAL
Shanghai Waigaoqiao,SHANGWAI,ALL#WORLD#ASIA#CHN#SHANG#SHANGWAI,false,,PORT_TERMINAL
Liverpool,PORT_GBLIV,ALL#WORLD#EUR#GBR#PORT_GBLIV,false,,PORT_TERMINAL
Vladivostok,PORT_RUVVO,ALL#WORLD#CIS#RUS#PORT_RUVVO,false,,PORT_TERMINAL
Vancouver WA,PORT_USVAN,ALL#WORLD#NOAME#USA#PORT_USVAN,false,,PORT_TERMINAL
Black Sea Shipyard,BSEA_SHIPYARD,ALL#WORLD#CIS#UKR#SOUKR#MYKOL#MYKOC#BSEA_SHIPYARD,false,,PORT_TERMINAL
Natal,PORT_BRNAT,ALL#WORLD#Americas#SOAME#BRA#PORT_BRNAT,false,,PORT_TERMINAL
Starocherkasskaya,PORT_CHERKASSK,ALL#WORLD#CIS#RUS#PORT_CHERKASSK,false,,PORT_TERMINAL
Santana,PORT_BRSAN,ALL#WORLD#Americas#SOAME#BRA#PORT_BRSAN,false,,PORT_TERMINAL
porto do pecem,PORT_BRPEC,ALL#WORLD#Americas#SOAME#BRA#PORT_BRPEC,false,,PORT_TERMINAL
Mainport,MAINPORT,ALL#WORLD#ASIA#IDN#MAINPORT,false,,PORT_TERMINAL
Komatsujima,PORT_JPKOM,ALL#WORLD#ASIA#JPN#PORT_JPKOM,false,,PORT_TERMINAL
Cabedelo,PORT_BRCDO,ALL#WORLD#Americas#SOAME#BRA#PORT_BRCDO,false,,PORT_TERMINAL
Shantou,PORT_CNSWA,ALL#WORLD#ASIA#CHN#PORT_CNSWA,false,,PORT_TERMINAL
Zarate,PORT_ARZAE,ALL#WORLD#Americas#SOAME#ARG#PORT_ARZAE,false,,PORT_TERMINAL
masinloc Port,PORT_MASINLOC,ALL#WORLD#ASIA#PHL#PORT_MASINLOC,false,,PORT_TERMINAL
Ushuaia port,USHUAIA,ALL#WORLD#Americas#SOAME#ARG#PATAR#TDFPA#USHUAIA,false,,PORT_TERMINAL
Marseille,PORT_FRMRS,ALL#WORLD#EUR#FRA#PORT_FRMRS,false,,PORT_TERMINAL
mailiao Port,PORT_MAILIAO,ALL#WORLD#ASIA#TWN#PORT_MAILIAO,false,,PORT_TERMINAL
Dunkerque,PORT_FRDKK,ALL#WORLD#EUR#FRA#PORT_FRDKK,false,,PORT_TERMINAL
Yarimca,PORT_TRYAR,ALL#WORLD#WESTE#TUR#PORT_TRYAR,false,,PORT_TERMINAL
Port Posyet,PORT_POS,ALL#WORLD#CIS#RUS#FEAFD#KAMFS#PORT_POS,false,,PORT_TERMINAL
Makhachkala,PORT_RUMCX,ALL#WORLD#CIS#RUS#PORT_RUMCX,false,,PORT_TERMINAL
Lorient Port,PORT_FRLRT,ALL#WORLD#EUR#FRA#PORT_FRLRT,false,,PORT_TERMINAL
kapar port,PORT_KAPAR,ALL#WORLD#ASIA#MYS#PORT_KAPAR,false,,PORT_TERMINAL
Amapá,PORT_BRAMX,ALL#WORLD#Americas#SOAME#BRA#PORT_BRAMX,false,,PORT_TERMINAL
Rades,PORT_TNRDS,ALL#WORLD#AFRMI#TUN#PORT_TNRDS,false,,PORT_TERMINAL
Ash Shariqah,PORT_AESH,PORT_AESH,false,,PORT_TERMINAL
La pallice,PORT_FRLPE,ALL#WORLD#EUR#FRA#PORT_FRLPE,false,,PORT_TERMINAL
Vasteras,PORT_SEVST,ALL#WORLD#EUR#SWE#PORT_SEVST,false,,PORT_TERMINAL
Belawan,PORT_IDBLW,ALL#WORLD#ASIA#IDN#PORT_IDBLW,false,,PORT_TERMINAL
Uwajima,PORT_JPUWA,ALL#WORLD#ASIA#JPN#PORT_JPUWA,false,,PORT_TERMINAL
Bandirma,PORT_TRBDM,ALL#WORLD#WESTE#TUR#PORT_TRBDM,false,,PORT_TERMINAL
Ulsan,PORT_KRUSN,ALL#WORLD#ASIA#KOR#PORT_KRUSN,false,,PORT_TERMINAL
Ust-Dunaisk,UD_PORT,ALL#WORLD#CIS#RUS#UD_PORT,false,,PORT_TERMINAL
Imbituba,PORT_BRIBB,ALL#WORLD#Americas#SOAME#BRA#PORT_BRIBB,false,,PORT_TERMINAL
Jaigaon Port,PORT_INJIG,ALL#WORLD#ASIA#IND#PORT_INJIG,false,,PORT_TERMINAL
Onahama Port,ONAHAMA_PORT,ALL#WORLD#ASIA#JPN#ONAHAMA_PORT,false,,PORT_TERMINAL
Concepción del Uruguay,PORT_ARCOU,ALL#WORLD#Americas#SOAME#ARG#PORT_ARCOU,false,,PORT_TERMINAL
Nanao,PORT_JPNNO,ALL#WORLD#ASIA#JPN#PORT_JPNNO,false,,PORT_TERMINAL
Pago Pago Port,PAGO-PAGO,ALL#WORLD#ASM#PAGO-PAGO,false,,PORT_TERMINAL
Kemen Port,PORT_KEMEN,ALL#WORLD#ASIA#CHN#PORT_KEMEN,false,,PORT_TERMINAL
Ferrol,PORT_ESFRO,ALL#WORLD#EUR#ESP#PORT_ESFRO,false,,PORT_TERMINAL
Ponta delgada,PORT_PTPDL,ALL#WORLD#EUR#PRT#PORT_PTPDL,false,,PORT_TERMINAL
Brindisi Port,PORT_BRINDISI,ALL#WORLD#EUR#ITA#PORT_BRINDISI,false,,PORT_TERMINAL
Dakar,PORT_SNDKR,ALL#WORLD#WESTA#SEN#PORT_SNDKR,false,,PORT_TERMINAL
Bayonne,PORT_FRBAY,ALL#WORLD#EUR#FRA#PORT_FRBAY,false,,PORT_TERMINAL
Luwuk,PORT_IDLUW,ALL#WORLD#ASIA#IDN#PORT_IDLUW,false,,PORT_TERMINAL
Volos Loulis Port Sourpi's Bay,SOURPI,ALL#WORLD#EUR#GRC#VOLO#SOURPI,false,,PORT_TERMINAL
Icsaccea,ICSACCEA,ICSACCEA,false,,PORT_TERMINAL
Tuna,PORT_INTUN,ALL#WORLD#ASIA#IND#PORT_INTUN,false,,PORT_TERMINAL
Terminal Bahia Blanca,BB_TERM,ALL#WORLD#Americas#SOAME#ARG#PAMAR#BUAPA#BABBU#BB_TERM,false,,PORT_TERMINAL
Shanwei,PORT_CNSWE,ALL#WORLD#ASIA#CHN#PORT_CNSWE,false,,PORT_TERMINAL
Olya,PORT_RUOYA,ALL#WORLD#CIS#RUS#PORT_RUOYA,false,,PORT_TERMINAL
Bordeaux,PORT_FRBOD,ALL#WORLD#EUR#FRA#PORT_FRBOD,false,,PORT_TERMINAL
dalrymple port,PORT_DALRYMPLE,ALL#WORLD#OCEAN#AUS#AUEAS#AUQUE#MCKAY#PORT_DALRYMPLE,false,,PORT_TERMINAL
Acre,PORT_BRPWA,ALL#WORLD#Americas#SOAME#BRA#PORT_BRPWA,false,,PORT_TERMINAL
Hamada,PORT_JPHMD,ALL#WORLD#ASIA#JPN#PORT_JPHMD,false,,PORT_TERMINAL
Fujairah,PORT_AEFJR,PORT_AEFJR,false,,PORT_TERMINAL
Arroyo Seco,PORT_ARASO,ALL#WORLD#Americas#SOAME#ARG#PORT_ARASO,false,,PORT_TERMINAL
Gornostaevka,PORT_GORNO,ALL#WORLD#CIS#UKR#PORT_GORNO,false,,PORT_TERMINAL
Santa Marta,SANTA_MARTA,ALL#WORLD#OSAM#COL#SANTA_MARTA,false,,PORT_TERMINAL
El Grao,PORT_EECGR,ALL#WORLD#EUR#ESP#PORT_EECGR,false,,PORT_TERMINAL
Kanda,PORT_JPKND,ALL#WORLD#ASIA#JPN#PORT_JPKND,false,,PORT_TERMINAL
Subic Bay,SBCBAY,ALL#WORLD#ASIA#PHL#SBCBAY,false,,PORT_TERMINAL
Caofeidian,PORT_CAO,ALL#WORLD#ASIA#CHN#HEBEI#TANGSHAN#PORT_CAO,false,,PORT_TERMINAL
Bayuquan,PORT_CNBAY,ALL#WORLD#ASIA#CHN#PORT_CNBAY,false,,PORT_TERMINAL
Susaki,PORT_JPSUZ,ALL#WORLD#ASIA#JPN#PORT_JPSUZ,false,,PORT_TERMINAL
Brooklyn-Kiev,BROOKLYN,ALL#WORLD#CIS#UKR#SOUKR#ODESAO#ODESA#BROOKLYN,false,,PORT_TERMINAL
Ishwardi,PORT_ISHWARDI,ALL#WORLD#ASIA#BGD#PORT_ISHWARDI,false,,PORT_TERMINAL
Nikomorservice,NIKOMOR,ALL#WORLD#CIS#UKR#SOUKR#MYKOL#MYKOC#NIKOMOR,false,,PORT_TERMINAL
Kalach-na-Donu,PORT_KOD,ALL#WORLD#CIS#RUS#PORT_KOD,false,,PORT_TERMINAL
Port Ilyichevsk,PORT_ILY,ALL#WORLD#CIS#UKR#PORT_ILY,false,,PORT_TERMINAL
Huanghua,PORT_CNHNH,ALL#WORLD#ASIA#CHN#PORT_CNHNH,false,,PORT_TERMINAL
Greenore,GREENORE,ALL#WORLD#EUR#IRL#GREENORE,false,,PORT_TERMINAL
Wakayama Port,PORT_WAKAYAMA,ALL#WORLD#ASIA#JPN#PORT_WAKAYAMA,false,,PORT_TERMINAL
Manaus,PORT_BRMAO,ALL#WORLD#Americas#SOAME#BRA#PORT_BRMAO,false,,PORT_TERMINAL
Stade,PORT_DESTA,ALL#WORLD#EUR#DEU#PORT_DESTA,false,,PORT_TERMINAL
Astakos,PORT_GRASK,ALL#WORLD#EUR#GRC#PORT_GRASK,false,,PORT_TERMINAL
Ribadeo,PORT_ESRIB,ALL#WORLD#EUR#ESP#PORT_ESRIB,false,,PORT_TERMINAL
Rostov,PORT_RUROV,ALL#WORLD#CIS#RUS#PORT_RUROV,false,,PORT_TERMINAL
Victoria,PORT_AUVTP,ALL#WORLD#OCEAN#AUS#PORT_AUVTP,false,,PORT_TERMINAL
Lanshan,PORT_CNLSN,ALL#WORLD#ASIA#CHN#PORT_CNLSN,false,,PORT_TERMINAL
Corinto,PORT_GRCOR,ALL#WORLD#EUR#GRC#PORT_GRCOR,false,,PORT_TERMINAL
Wakkanai,PORT_JPWKJ,ALL#WORLD#ASIA#JPN#PORT_JPWKJ,false,,PORT_TERMINAL
Tokuyama,PORT_JPTXD,ALL#WORLD#ASIA#JPN#PORT_JPTXD,false,,PORT_TERMINAL
Taganrog,PORT_RUTAG,ALL#WORLD#CIS#RUS#PORT_RUTAG,false,,PORT_TERMINAL
Ajman,PORT_AEAJM,PORT_AEAJM,false,,PORT_TERMINAL
Odesa Grain Terminal (SFGCU),ODESA_GRAIN,ALL#WORLD#CIS#UKR#SOUKR#ODESAO#ODESA#ODESA_GRAIN,false,,PORT_TERMINAL
Naha Airport,PORT_JPNAH,ALL#WORLD#ASIA#JPN#PORT_JPNAH,false,,PORT_TERMINAL
Nantes,PORT_FRNTE,ALL#WORLD#EUR#FRA#PORT_FRNTE,false,,PORT_TERMINAL
Mina Sulman Port,MINA-SULMAN,ALL#WORLD#MIDDL#BHR#MINA-SULMAN,false,,PORT_TERMINAL
Ust-Donetsky,PORT_USTDONET,ALL#WORLD#CIS#RUS#PORT_USTDONET,false,,PORT_TERMINAL
Rostock,PORT_DERSK,ALL#WORLD#EUR#DEU#PORT_DERSK,false,,PORT_TERMINAL
Port of Genoa,PORT_GEN,ALL#WORLD#EUR#ITA#PORT_GEN,false,,PORT_TERMINAL
Yokohama,PORT_JPYOK,ALL#WORLD#ASIA#JPN#PORT_JPYOK,false,,PORT_TERMINAL
Sendai,PORT_JPSGM,ALL#WORLD#ASIA#JPN#PORT_JPSGM,false,,PORT_TERMINAL
Grays Harbor WA,PORT_USGHC,ALL#WORLD#NOAME#USA#PORT_USGHC,false,,PORT_TERMINAL
Ipswich,PORT_GBIPS,ALL#WORLD#EUR#GBR#PORT_GBIPS,false,,PORT_TERMINAL
Kolda,KOLDA,ALL#WORLD#WESTA#SEN#KOLDA,false,,PORT_TERMINAL
Nordenham Port,PORT_NORDENHAM,ALL#WORLD#EUR#DEU#PORT_NORDENHAM,false,,PORT_TERMINAL
Puerto Quebracho,QUEBRACHO,ALL#WORLD#Americas#SOAME#ARG#UPRIVER#QUEBRACHO,false,,PORT_TERMINAL
Gopalpur,GOPALPUR,ALL#WORLD#ASIA#IND#EASTI#ODISH#GOPALPUR,false,,PORT_TERMINAL
AMBARLI,PORT_TRAMR,ALL#WORLD#WESTE#TUR#PORT_TRAMR,false,,PORT_TERMINAL
Ghazaouet,PORT_DZGHZ,ALL#WORLD#DZA#PORT_DZGHZ,false,,PORT_TERMINAL
Onne Port,PORT_NGONN,ALL#WORLD#WESTA#NGA#PORT_NGONN,false,,PORT_TERMINAL
Mizushima,PORT_JPMIZ,ALL#WORLD#ASIA#JPN#PORT_JPMIZ,false,,PORT_TERMINAL
Saint Louis du Rhone,PORT_FRPSL,ALL#WORLD#EUR#FRA#PORT_FRPSL,false,,PORT_TERMINAL
Port of Syros,PORT_SYR,ALL#WORLD#EUR#GRC#PORT_SYR,false,,PORT_TERMINAL
Pointe de Galets,PTGLT,ALL#WORLD#EUR#FRA#OVERS#REU#PTGLT,false,,PORT_TERMINAL
Constanta,PORT_ROCND,ALL#WORLD#EUR#ROU#PORT_ROCND,false,,PORT_TERMINAL
Hachinohe,PORT_JPHHE,ALL#WORLD#ASIA#JPN#PORT_JPHHE,false,,PORT_TERMINAL
Muelle Simon Bolivar,PORT_MSB,ALL#WORLD#OSAM#VEN#PORT_MSB,false,,PORT_TERMINAL
Port of Arica,PORT_ARI,ALL#WORLD#OSAM#CHL#PORT_ARI,false,,PORT_TERMINAL
Zarubino,ZAR,ALL#WORLD#CIS#RUS#ZAR,false,,PORT_TERMINAL
Tamatave,PORT_MGTOA,ALL#WORLD#AFRMI#MDG#PORT_MGTOA,false,,PORT_TERMINAL
Trenton,PORT_USTEQ,ALL#WORLD#NOAME#USA#PORT_USTEQ,false,,PORT_TERMINAL
Pagbilao,PORT_PHPGB,ALL#WORLD#ASIA#PHL#PORT_PHPGB,false,,PORT_TERMINAL
Campinas,PORT_BRCPS,ALL#WORLD#Americas#SOAME#BRA#PORT_BRCPS,false,,PORT_TERMINAL
Nantong,PORT_CNNTG,ALL#WORLD#ASIA#CHN#PORT_CNNTG,false,,PORT_TERMINAL
Skadovsk,PORT_UASKD,ALL#WORLD#CIS#UKR#PORT_UASKD,false,,PORT_TERMINAL
Dolgorukovo,DOLGO,ALL#WORLD#CIS#RUS#DOLGO,false,,PORT_TERMINAL
Tanjung Bakau,PORT_IDTKG,ALL#WORLD#ASIA#IDN#PORT_IDTKG,false,,PORT_TERMINAL
Bahudopi,BAHUDOPI,ALL#WORLD#ASIA#IDN#BAHUDOPI,false,,PORT_TERMINAL
Ko Sichang,PORT_THKSI,ALL#WORLD#ASIA#THA#PORT_THKSI,false,,PORT_TERMINAL
HALSA,HLS,ALL#WORLD#WESTE#NOR#HLS,false,,PORT_TERMINAL
Spasskoe,PORT_SPASSKOE,ALL#WORLD#CIS#RUS#PORT_SPASSKOE,false,,PORT_TERMINAL
Dneprobugsky ,DNEPROBUGSKY,ALL#WORLD#CIS#UKR#DNEPROBUGSKY,false,,PORT_TERMINAL
Hodeidah,PORT_YEHOD,ALL#WORLD#AFRMI#YEM#PORT_YEHOD,false,,PORT_TERMINAL
Port of Auckland,PORT_AUCK,ALL#WORLD#OCEAN#NZL#PORT_AUCK,false,,PORT_TERMINAL
Port of Valletta,PORT_VALL,ALL#WORLD#EUR#MLT#PORT_VALL,false,,PORT_TERMINAL
Port Chiwan,PORT_CHIW,ALL#WORLD#ASIA#CHN#GUANG#PORT_CHIW,false,,PORT_TERMINAL
Xiamen,PORT_CNXMG,ALL#WORLD#ASIA#CHN#PORT_CNXMG,false,,PORT_TERMINAL
VOLGOGRAD SILO,VOLGO_PORT,VOLGO_PORT,false,,PORT_TERMINAL
Palembang,PORT_IDPLM,ALL#WORLD#ASIA#IDN#PORT_IDPLM,false,,PORT_TERMINAL
Yelabuga,PORT_RUYBE,ALL#WORLD#CIS#RUS#PORT_RUYBE,false,,PORT_TERMINAL
SINES,SINES,ALL#WORLD#EUR#PRT#SINES,false,,PORT_TERMINAL
Gdansk,PORT_PLGDN,ALL#WORLD#EUR#POL#PORT_PLGDN,false,,PORT_TERMINAL
Cigading,PORT_IDCIG,ALL#WORLD#ASIA#IDN#PORT_IDCIG,false,,PORT_TERMINAL
Puerto Deseado port,PUERTO-DESEADO,ALL#WORLD#Americas#SOAME#ARG#PATAR#SACPA#PUERTO-DESEADO,false,,PORT_TERMINAL
Gebig Terminal,PORT_BRGEB,ALL#WORLD#Americas#SOAME#BRA#PORT_BRGEB,false,,PORT_TERMINAL
Zona Comun ,PORT_ZCO,ALL#WORLD#Americas#SOAME#ARG#PORT_ZCO,false,,PORT_TERMINAL
Dock Sud,DOCK_SUD,ALL#WORLD#Americas#SOAME#ARG#DOCK_SUD,false,,PORT_TERMINAL
Tecun Uman,PORT_GTCTU,ALL#WORLD#CTLAM#GTM#PORT_GTCTU,false,,PORT_TERMINAL
Port Lirquén,PORT_LIRQ,ALL#WORLD#OSAM#CHL#PORT_LIRQ,false,,PORT_TERMINAL
Tubarao,PORT_BRTUO,ALL#WORLD#Americas#SOAME#BRA#PORT_BRTUO,false,,PORT_TERMINAL
Outer Harbor,PORT_AUOUH,ALL#WORLD#OCEAN#AUS#PORT_AUOUH,false,,PORT_TERMINAL
Aughinish,PORT_IEAUG,ALL#WORLD#EUR#IRL#PORT_IEAUG,false,,PORT_TERMINAL
Lahad Datu,LAHAD_DATU,ALL#WORLD#ASIA#MYS#SABAH_SARAWAK#LAHAD_DATU,false,,PORT_TERMINAL
Ishinomaki,PORT_JPISM,ALL#WORLD#ASIA#JPN#PORT_JPISM,false,,PORT_TERMINAL
ICD Raxaul Port,PORT_INRXL,ALL#WORLD#ASIA#IND#PORT_INRXL,false,,PORT_TERMINAL
Bandar Abbas,PORT_IRBND,ALL#WORLD#AFRMI#IRN#PORT_IRBND,false,,PORT_TERMINAL
Hamburg,PORT_DEHAM,ALL#WORLD#EUR#DEU#PORT_DEHAM,false,,PORT_TERMINAL
Kalama WA,PORT_USKAM,ALL#WORLD#NOAME#USA#PORT_USKAM,false,,PORT_TERMINAL
Neah Bay Port,PORT_USNEB,ALL#WORLD#NOAME#USA#PORT_USNEB,false,,PORT_TERMINAL
Chittagong,PORT_BDCGP,ALL#WORLD#ASIA#BGD#PORT_BDCGP,false,,PORT_TERMINAL
Pulau Laut,PORT_IDPUT,ALL#WORLD#ASIA#IDN#PORT_IDPUT,false,,PORT_TERMINAL
Mauban,PORT_PHMAU,ALL#WORLD#ASIA#PHL#PORT_PHMAU,false,,PORT_TERMINAL
Quequén,PORT_ARQQN,ALL#WORLD#Americas#SOAME#ARG#PORT_ARQQN,false,,PORT_TERMINAL
Kiel,PORT_DEKEL,ALL#WORLD#EUR#DEU#PORT_DEKEL,false,,PORT_TERMINAL
Blagoveshchensk,PORT_RUBLG,ALL#WORLD#CIS#RUS#PORT_RUBLG,false,,PORT_TERMINAL
Port of Vanino,PORT_VAN,ALL#WORLD#CIS#RUS#PORT_VAN,false,,PORT_TERMINAL
Mohacs,PORT_HUMOH,ALL#WORLD#EUR#HUN#PORT_HUMOH,false,,PORT_TERMINAL
Puerto Zarate Lima,ZARATE,ALL#WORLD#Americas#SOAME#ARG#UPRIVER#ZARATE,false,,PORT_TERMINAL
Orlovsky,PORT_ORLOVSKY,ALL#WORLD#CIS#RUS#PORT_ORLOVSKY,false,,PORT_TERMINAL
Port Rhoades,PORT_RHOD,ALL#WORLD#CTLAM#JAM#PORT_RHOD,false,,PORT_TERMINAL
Baltiysk,PORT_RUBAL,ALL#WORLD#CIS#RUS#PORT_RUBAL,false,,PORT_TERMINAL
Aarhus,PORT_DKAAR,ALL#WORLD#EUR#DNK#PORT_DKAAR,false,,PORT_TERMINAL
Dumai,PORT_IDDUM,ALL#WORLD#ASIA#IDN#PORT_IDDUM,false,,PORT_TERMINAL
Tobata,PORT_JPTBT,ALL#WORLD#ASIA#JPN#PORT_JPTBT,false,,PORT_TERMINAL
Jambi,PORT_IDDJB,ALL#WORLD#ASIA#IDN#PORT_IDDJB,false,,PORT_TERMINAL
galle Port,PORT_GALLE,ALL#WORLD#ASIA#LKA#PORT_GALLE,false,,PORT_TERMINAL
Sepetiba Port,PORT_SEPETIBA,ALL#WORLD#Americas#SOAME#BRA#PORT_SEPETIBA,false,,PORT_TERMINAL
Santa Maria,PORT_BRRIA,ALL#WORLD#Americas#SOAME#BRA#PORT_BRRIA,false,,PORT_TERMINAL
Conchan Oil Terminal,PORT_NGCON,ALL#WORLD#WESTA#NGA#PORT_NGCON,false,,PORT_TERMINAL
Mumbai,PORT_INBOM,ALL#WORLD#ASIA#IND#PORT_INBOM,false,,PORT_TERMINAL
Vitória,PORT_BRVIX,ALL#WORLD#Americas#SOAME#BRA#PORT_BRVIX,false,,PORT_TERMINAL
Panjin,PORT_CNPJI,ALL#WORLD#ASIA#CHN#PORT_CNPJI,false,,PORT_TERMINAL
Vieux Fort,PORT_LCVFT,ALL#WORLD#LCA#PORT_LCVFT,false,,PORT_TERMINAL
Quinter KS,PORT_CLQTV,ALL#WORLD#OSAM#CHL#PORT_CLQTV,false,,PORT_TERMINAL
Ravenna,PORT_ITRAN,ALL#WORLD#EUR#ITA#PORT_ITRAN,false,,PORT_TERMINAL
Mackay,PORT_AUMKY,ALL#WORLD#OCEAN#AUS#PORT_AUMKY,false,,PORT_TERMINAL
Bitung,PORT_IDBIT,ALL#WORLD#ASIA#IDN#PORT_IDBIT,false,,PORT_TERMINAL
Barcarena,PORT_BRVDC,ALL#WORLD#Americas#SOAME#BRA#PORT_BRVDC,false,,PORT_TERMINAL
Daesan,KRTSN,ALL#WORLD#ASIA#KOR#KRTSN,false,,PORT_TERMINAL
Apapa Port,PORT_NGAPP,ALL#WORLD#WESTA#NGA#PORT_NGAPP,false,,PORT_TERMINAL
bhavnagar Port,PORT_BHAVNAGAR,ALL#WORLD#ASIA#IND#PORT_BHAVNAGAR,false,,PORT_TERMINAL
TERMINAL LAS PALMAS,PALMAS,ALL#WORLD#Americas#SOAME#ARG#UPRIVER#PALMAS,false,,PORT_TERMINAL
Saratov,PORT_RURTW,ALL#WORLD#CIS#RUS#PORT_RURTW,false,,PORT_TERMINAL
Timaru Port,PORT_TIMARU,ALL#WORLD#OCEAN#NZL#PORT_TIMARU,false,,PORT_TERMINAL
"Corpus Christi, TX",PORT_USCRP,ALL#WORLD#NOAME#USA#PORT_USCRP,false,,PORT_TERMINAL
El Maadiya,PORT_EGMDA,ALL#WORLD#AFRMI#EGY#PORT_EGMDA,false,,PORT_TERMINAL
Zhanjiang,PORT_CNZHA,ALL#WORLD#ASIA#CHN#PORT_CNZHA,false,,PORT_TERMINAL
Marghera,PORT_ITPMA,ALL#WORLD#EUR#ITA#PORT_ITPMA,false,,PORT_TERMINAL
Misumi,PORT_JPMMI,ALL#WORLD#ASIA#JPN#PORT_JPMMI,false,,PORT_TERMINAL
Galveston TX,PORT_USGLS,ALL#WORLD#NOAME#USA#PORT_USGLS,false,,PORT_TERMINAL
Tieshan Port,PORT_TIESHAN,ALL#WORLD#ASIA#CHN#PORT_TIESHAN,false,,PORT_TERMINAL
CALIFORNIA,PORT_USZTZ,ALL#WORLD#NOAME#USA#PORT_USZTZ,false,,PORT_TERMINAL
 Port of Sekondi ,PORT_SEK,ALL#WORLD#AFRMI#GHA#PORT_SEK,false,,PORT_TERMINAL
Biratnagar,BRTNGR,ALL#WORLD#ASIA#NPL#BRTNGR,false,,PORT_TERMINAL
Viana do Castelo,PORT_PTVDC,ALL#WORLD#EUR#PRT#PORT_PTVDC,false,,PORT_TERMINAL
Kieldrecht,PORT_BEKDE,ALL#WORLD#EUR#BEL#PORT_BEKDE,false,,PORT_TERMINAL
Yuzhny,PORT_UAYUZ,ALL#WORLD#CIS#UKR#PORT_UAYUZ,false,,PORT_TERMINAL
Vysotsk,VYSTSK,ALL#WORLD#CIS#RUS#NORFD#LENFS#VYSTSK,false,,PORT_TERMINAL
Tetyushi,PORT_TETYUSHI,ALL#WORLD#CIS#RUS#PORT_TETYUSHI,false,,PORT_TERMINAL
Manzanillo,PORT_MXZLO,ALL#WORLD#NOAME#MEX#PORT_MXZLO,false,,PORT_TERMINAL
Port of Guayaquil,PORT_GUAY,ALL#WORLD#OSAM#ECU#PORT_GUAY,false,,PORT_TERMINAL
Ocho Rios,PORT_OCHO,ALL#WORLD#CTLAM#JAM#PORT_OCHO,false,,PORT_TERMINAL
Hitachi,PORT_JPHTC,ALL#WORLD#ASIA#JPN#PORT_JPHTC,false,,PORT_TERMINAL
Durban,PORT_ZADUR,ALL#WORLD#EASTA#ZAF#PORT_ZADUR,false,,PORT_TERMINAL
Sakaide Port,PORT_SAKAIDE,ALL#WORLD#ASIA#JPN#PORT_SAKAIDE,false,,PORT_TERMINAL
Monbetsu,PORT_JPMBE,ALL#WORLD#ASIA#JPN#PORT_JPMBE,false,,PORT_TERMINAL
Limay,LIMAY_PORT,ALL#WORLD#ASIA#PHL#LIMAY_PORT,false,,PORT_TERMINAL
Hirara,PORT_JPHRR,ALL#WORLD#ASIA#JPN#PORT_JPHRR,false,,PORT_TERMINAL
Averoy,AVEROY,ALL#WORLD#WESTE#NOR#AVEROY,false,,PORT_TERMINAL
Yokkaichi,PORT_JPYKK,ALL#WORLD#ASIA#JPN#PORT_JPYKK,false,,PORT_TERMINAL
Nika-Tera,NIKA_TERA,ALL#WORLD#CIS#UKR#SOUKR#MYKOL#OLVIA#NIKA_TERA,false,,PORT_TERMINAL
Imari,PORT_JPIMI,ALL#WORLD#ASIA#JPN#PORT_JPIMI,false,,PORT_TERMINAL
Tianjin,PORT_CNTXG,ALL#WORLD#ASIA#CHN#PORT_CNTXG,false,,PORT_TERMINAL
Monrovia,PORT_LRMLW,ALL#WORLD#AFRMI#LBR#PORT_LRMLW,false,,PORT_TERMINAL
El jadida,PORT_DZELJAD,ALL#WORLD#AFRMI#MAR#PORT_DZELJAD,false,,PORT_TERMINAL
Imbituva,PORT_BRIBV,ALL#WORLD#Americas#SOAME#BRA#PORT_BRIBV,false,,PORT_TERMINAL
Geraldton,PORT_AUGET,ALL#WORLD#OCEAN#AUS#PORT_AUGET,false,,PORT_TERMINAL
Ekaterinovka,PORT_RUEKY,ALL#WORLD#CIS#RUS#PORT_RUEKY,false,,PORT_TERMINAL
Castellon,PORT_ESCAS,ALL#WORLD#EUR#ESP#PORT_ESCAS,false,,PORT_TERMINAL
Port of Kalba,PORT_KAL,ALL#WORLD#MIDDL#OMN#PORT_KAL,false,,PORT_TERMINAL
Toamasina,PORT_MGTMM,ALL#WORLD#AFRMI#MDG#PORT_MGTMM,false,,PORT_TERMINAL
Cumana,PORT_CUMANA,ALL#WORLD#OSAM#VEN#PORT_CUMANA,false,,PORT_TERMINAL
Port of Jingjiang,PORT_JING,ALL#WORLD#ASIA#CHN#ESTCH#PORT_JING,false,,PORT_TERMINAL
Pyeongtaek,PORT_KRPTK,ALL#WORLD#ASIA#KOR#PORT_KRPTK,false,,PORT_TERMINAL
Neo Panama,PORT_PAPCN,ALL#WORLD#CTLAM#PAN#PORT_PAPCN,false,,PORT_TERMINAL
San Nicolas,PORT_ARSNS,ALL#WORLD#Americas#SOAME#ARG#PORT_ARSNS,false,,PORT_TERMINAL
Macin,PORT_ROMAC,ALL#WORLD#EUR#ROU#PORT_ROMAC,false,,PORT_TERMINAL
Galati,PORT_ROGAL,ALL#WORLD#EUR#ROU#PORT_ROGAL,false,,PORT_TERMINAL
Naberezhnye Chelny,PORT_RUNCY,ALL#WORLD#CIS#RUS#PORT_RUNCY,false,,PORT_TERMINAL
hekinan port,PORT_HEKINAN,ALL#WORLD#ASIA#JPN#PORT_HEKINAN,false,,PORT_TERMINAL
Batam,PORT_IDBTH,ALL#WORLD#ASIA#IDN#PORT_IDBTH,false,,PORT_TERMINAL
Karachi,PORT_PKKHI,ALL#WORLD#ASIA#PAK#PORT_PKKHI,false,,PORT_TERMINAL
Itaguai,PORT_BRIGI,ALL#WORLD#Americas#SOAME#BRA#PORT_BRIGI,false,,PORT_TERMINAL
Salvador,PORT_BRSSA,ALL#WORLD#Americas#SOAME#BRA#PORT_BRSSA,false,,PORT_TERMINAL
Las palmas,PORT_ESLPA,ALL#WORLD#EUR#ESP#PORT_ESLPA,false,,PORT_TERMINAL
Sapporo,PORT_JPSPK,ALL#WORLD#ASIA#JPN#PORT_JPSPK,false,,PORT_TERMINAL
Rabaul,PORT_PGRAB,ALL#WORLD#PNG#PORT_PGRAB,false,,PORT_TERMINAL
Itacoatiara,PORT_BRITA,ALL#WORLD#Americas#SOAME#BRA#PORT_BRITA,false,,PORT_TERMINAL
Ar Ruways Port,AR-RUWAYS,ALL#WORLD#UAE#AR-RUWAYS,false,,PORT_TERMINAL
Barranqueras,PORT_ARBQS,ALL#WORLD#Americas#SOAME#ARG#PORT_ARBQS,false,,PORT_TERMINAL
Kairy,PORT_KAIRY,ALL#WORLD#CIS#UKR#PORT_KAIRY,false,,PORT_TERMINAL
La Rochelle,PORT_FRLRH,ALL#WORLD#EUR#FRA#PORT_FRLRH,false,,PORT_TERMINAL
sual,PORT_SUAL,ALL#WORLD#ASIA#PHL#PORT_SUAL,false,,PORT_TERMINAL
Pelintung,PORT_PELINTUNG,ALL#WORLD#ASIA#IDN#PORT_PELINTUNG,false,,PORT_TERMINAL
La Coruña,PORT_ESLCG,ALL#WORLD#EUR#ESP#PORT_ESLCG,false,,PORT_TERMINAL
Rybnaya Sloboda,PORT_RYBNAYA,ALL#WORLD#CIS#RUS#PORT_RYBNAYA,false,,PORT_TERMINAL
Ust-Luga,PORT_RUULU,ALL#WORLD#CIS#RUS#PORT_RUULU,false,,PORT_TERMINAL
Kralendijk port,KRALENDIJK,ALL#WORLD#CARIB#KRALENDIJK,false,,PORT_TERMINAL
For Sur Mer,FORSURMER,ALL#WORLD#EUR#FRA#FORSURMER,false,,PORT_TERMINAL
Falmouth,PORT_FAL,ALL#WORLD#EUR#GBR#PORT_FAL,false,,PORT_TERMINAL
Puerto Madryn,PORT_ARPMY,ALL#WORLD#Americas#SOAME#ARG#PORT_ARPMY,false,,PORT_TERMINAL
Suao,PORT_SUAO,ALL#WORLD#ASIA#TWN#PORT_SUAO,false,,PORT_TERMINAL
Caernarvon,PORT_GBCAR,ALL#WORLD#EUR#GBR#PORT_GBCAR,false,,PORT_TERMINAL
Piraeus Port,PORT_GRPIR,ALL#WORLD#EUR#GRC#PORT_GRPIR,false,,PORT_TERMINAL
Port Huron MI,PORT_USPHN,ALL#WORLD#NOAME#USA#PORT_USPHN,false,,PORT_TERMINAL
Liepaja,PORT_LVLPX,ALL#WORLD#EUR#LVA#PORT_LVLPX,false,,PORT_TERMINAL
Utsunomiya,PORT_JPUTO,ALL#WORLD#ASIA#JPN#PORT_JPUTO,false,,PORT_TERMINAL
Miyazu,PORT_JPMIY,ALL#WORLD#ASIA#JPN#PORT_JPMIY,false,,PORT_TERMINAL
Valencia,PORT_ESVLC,ALL#WORLD#EUR#ESP#PORT_ESVLC,false,,PORT_TERMINAL
Sao Luis,PORT_BRALU,ALL#WORLD#Americas#SOAME#BRA#PORT_BRALU,false,,PORT_TERMINAL
Dhamra,PORT_INDMQ,ALL#WORLD#ASIA#IND#PORT_INDMQ,false,,PORT_TERMINAL
Kisarazu,PORT_JPKZU,ALL#WORLD#ASIA#JPN#PORT_JPKZU,false,,PORT_TERMINAL
Kings Lynn,KINGSL,ALL#WORLD#EUR#GBR#KINGSL,false,,PORT_TERMINAL
Bereslavka,PORT_BERESLAVKA,ALL#WORLD#CIS#UKR#PORT_BERESLAVKA,false,,PORT_TERMINAL
Mejillones,PORT_CLMJE,ALL#WORLD#OSAM#CHL#PORT_CLMJE,false,,PORT_TERMINAL
pipavav Port,PORT_PIPAVAV,ALL#WORLD#ASIA#IND#WESTI#GUJAR#PORT_PIPAVAV,false,,PORT_TERMINAL
Gresik,PORT_IDGRE,ALL#WORLD#ASIA#IDN#PORT_IDGRE,false,,PORT_TERMINAL
Port of Jiangyin,PORT_JIAN,ALL#WORLD#ASIA#CHN#JIANG#PORT_JIAN,false,,PORT_TERMINAL
niihama Port,PORT_NIIHAMA,ALL#WORLD#ASIA#JPN#PORT_NIIHAMA,false,,PORT_TERMINAL
Balakovo,PORT_RUBWO,ALL#WORLD#CIS#RUS#PORT_RUBWO,false,,PORT_TERMINAL
Los Angeles CA,PORT_USLAX,ALL#WORLD#NOAME#USA#PORT_USLAX,false,,PORT_TERMINAL
Rybinsk,PORT_RURYB,ALL#WORLD#CIS#RUS#PORT_RURYB,false,,PORT_TERMINAL
Kozmino Port,PORT_KOZ,ALL#WORLD#CIS#RUS#PORT_KOZ,false,,PORT_TERMINAL
TEXAS,PORT_USTXT,ALL#WORLD#NOAME#USA#PORT_USTXT,false,,PORT_TERMINAL
Darsana,PORT_DARSANA,ALL#WORLD#ASIA#BGD#PORT_DARSANA,false,,PORT_TERMINAL
Bahia De Matarani,PORT_PEMTR,ALL#WORLD#OSAM#PER#PORT_PEMTR,false,,PORT_TERMINAL
El Transito,TRANSITO,ALL#WORLD#Americas#SOAME#ARG#UPRIVER#TRANSITO,false,,PORT_TERMINAL
Ponta Porã,PORT_BRPPA,ALL#WORLD#Americas#SOAME#BRA#PORT_BRPPA,false,,PORT_TERMINAL
Feodosia,PORT_UAFEO,ALL#WORLD#CIS#UKR#PORT_UAFEO,false,,PORT_TERMINAL
Suez,PORT_EGSUZ,ALL#WORLD#AFRMI#EGY#PORT_EGSUZ,false,,PORT_TERMINAL
Dahej,PORT_INDAH,ALL#WORLD#ASIA#IND#PORT_INDAH,false,,PORT_TERMINAL
Alexandria,PORT_EGALY,ALL#WORLD#AFRMI#EGY#PORT_EGALY,false,,PORT_TERMINAL
Port of Bergen,PORT_BERG,ALL#WORLD#WESTE#NOR#PORT_BERG,false,,PORT_TERMINAL
Novorossiysk,PORT_RUNVS,ALL#WORLD#CIS#RUS#PORT_RUNVS,false,,PORT_TERMINAL
GEMLIK,GEMLIK,ALL#WORLD#WESTE#TUR#GEMLIK,false,,PORT_TERMINAL
Covenas Offshore Term.,PORT_COCOV,ALL#WORLD#OSAM#COL#PORT_COCOV,false,,PORT_TERMINAL
vinh tan Port,PORT_VINH_TAN,ALL#WORLD#ASIA#VNM#PORT_VINH_TAN,false,,PORT_TERMINAL
Belém,PORT_BRNBM,ALL#WORLD#Americas#SOAME#BRA#PORT_BRNBM,false,,PORT_TERMINAL
Malaga,PORT_ESAGP,ALL#WORLD#EUR#ESP#PORT_ESAGP,false,,PORT_TERMINAL
Kavkaz,PORT_RUKZP,ALL#WORLD#CIS#RUS#PORT_RUKZP,false,,PORT_TERMINAL
Yangjiang,PORT_CNYJI,ALL#WORLD#ASIA#CHN#PORT_CNYJI,false,,PORT_TERMINAL
Lake Charles LA,PORT_USLCH,ALL#WORLD#NOAME#USA#PORT_USLCH,false,,PORT_TERMINAL
Shanghai,PORT_CNSHG,ALL#WORLD#ASIA#CHN#PORT_CNSHG,false,,PORT_TERMINAL
Trois-Rivieres,PORT_CATRR,ALL#WORLD#NOAME#CAN#PORT_CATRR,false,,PORT_TERMINAL
Medgidia,MDGD,ALL#WORLD#EUR#ROU#MDGD,false,,PORT_TERMINAL
Lome,PORT_TGLFW,ALL#WORLD#WESTA#TGO#PORT_TGLFW,false,,PORT_TERMINAL
Asuncion,PORT_PYASU,ALL#WORLD#OSAM#PRY#PORT_PYASU,false,,PORT_TERMINAL
Nagoya,PORT_JPNGO,ALL#WORLD#ASIA#JPN#PORT_JPNGO,false,,PORT_TERMINAL
ICD Powarkheda Port,PORT_INPRK,ALL#WORLD#ASIA#IND#PORT_INPRK,false,,PORT_TERMINAL
Yanbu,PORT_SAYNB,ALL#WORLD#AFRMI#SAU#PORT_SAYNB,false,,PORT_TERMINAL
Pontianak,PORT_IDPNK,ALL#WORLD#ASIA#IDN#PORT_IDPNK,false,,PORT_TERMINAL
Mishima,PORT_JPMKX,ALL#WORLD#ASIA#JPN#PORT_JPMKX,false,,PORT_TERMINAL
Taman,PORT_RUTAM,ALL#WORLD#CIS#RUS#PORT_RUTAM,false,,PORT_TERMINAL
Takuma,PORT_JPTKM,ALL#WORLD#ASIA#JPN#PORT_JPTKM,false,,PORT_TERMINAL
Acajutla,PORT_SVAQJ,ALL#WORLD#CTLAM#SLV#PORT_SVAQJ,false,,PORT_TERMINAL
Valli port,VALLI_PORT,VALLI_PORT,false,,PORT_TERMINAL
Cape Town,PORT_ZACPT,ALL#WORLD#EASTA#ZAF#PORT_ZACPT,false,,PORT_TERMINAL
Convent LA,PORT_USCEN,ALL#WORLD#NOAME#USA#PORT_USCEN,false,,PORT_TERMINAL
San Pedro,PORT_ARSPD,ALL#WORLD#Americas#SOAME#ARG#PORT_ARSPD,false,,PORT_TERMINAL
Dubovka,PORT_RUDBK,ALL#WORLD#CIS#RUS#PORT_RUDBK,false,,PORT_TERMINAL
Teluk Bayur,TELUK,ALL#WORLD#ASIA#IDN#PADANG#TELUK,false,,PORT_TERMINAL
YEVPATORIYA,YEVPATO,ALL#WORLD#CIS#RUS#CRIMEA#YEVPATO,false,,PORT_TERMINAL
Tabatinga,PORT_BRTBG,ALL#WORLD#Americas#SOAME#BRA#PORT_BRTBG,false,,PORT_TERMINAL
Saint Rose,PORT_USSRE,ALL#WORLD#NOAME#USA#PORT_USSRE,false,,PORT_TERMINAL
Sevilla,PORT_ESSVQ,ALL#WORLD#EUR#ESP#PORT_ESSVQ,false,,PORT_TERMINAL
Yangpu,YNGPU,ALL#WORLD#ASIA#CHN#YNGPU,false,,PORT_TERMINAL
Alfred,PORT_ZAAFD,ALL#WORLD#EASTA#ZAF#PORT_ZAAFD,false,,PORT_TERMINAL
Voskressensk,PORT_RUVKS,ALL#WORLD#CIS#RUS#PORT_RUVKS,false,,PORT_TERMINAL
Konstantinovsk,PORT_KONSTOVSK,ALL#WORLD#CIS#RUS#PORT_KONSTOVSK,false,,PORT_TERMINAL
Kitakyushu Airport,KIT_AIR,ALL#WORLD#ASIA#JPN#KIT_AIR,false,,PORT_TERMINAL
Trabzon,PORT_TRTZX,ALL#WORLD#WESTE#TUR#PORT_TRTZX,false,,PORT_TERMINAL
São Francisco do Sul,PORT_BRSFS,ALL#WORLD#Americas#SOAME#BRA#PORT_BRSFS,false,,PORT_TERMINAL
Transbulkterminal (Kernel),TRANSBULK_KERNEL,ALL#WORLD#CIS#UKR#SOUKR#ODESAO#CHORN#TRANSBULK_KERNEL,false,,PORT_TERMINAL
AABENRAA,AABENRAA,AABENRAA,false,,PORT_TERMINAL
Ama LA,PORT_USAMD,ALL#WORLD#NOAME#USA#PORT_USAMD,false,,PORT_TERMINAL
Montoir,PORT_FRMTX,ALL#WORLD#EUR#FRA#PORT_FRMTX,false,,PORT_TERMINAL
Hiroshima Airport,HIRO_AIR,ALL#WORLD#ASIA#JPN#HIRO#HIRO_AIR,false,,PORT_TERMINAL
Port of Tanger Med ,PORT_TANGM,ALL#WORLD#AFRMI#MAR#PORT_TANGM,false,,PORT_TERMINAL
Drujba,PORT_DRUJBA,ALL#WORLD#EUR#BGR#PORT_DRUJBA,false,,PORT_TERMINAL
Aliaga,PORT_TRALI,ALL#WORLD#WESTE#TUR#PORT_TRALI,false,,PORT_TERMINAL
Porto-San,PORT_SAN,ALL#WORLD#CIS#UKR#SOUKR#ODESAO#ODESA#PORT_SAN,false,,PORT_TERMINAL
Puerto Caldera,PORT_COPCT,ALL#WORLD#OSAM#COL#PORT_COPCT,false,,PORT_TERMINAL
Everi,EVERI,ALL#WORLD#CIS#UKR#SOUKR#MYKOL#MYKOC#EVERI,false,,PORT_TERMINAL
Preveza,PORT_GRPVZ,ALL#WORLD#EUR#GRC#PORT_GRPVZ,false,,PORT_TERMINAL
Dafeng,DAFENG_PORT,ALL#WORLD#ASIA#CHN#DAFENG_PORT,false,,PORT_TERMINAL
Mundra,PORT_INMUN,ALL#WORLD#ASIA#IND#PORT_INMUN,false,,PORT_TERMINAL
Reserve LA,PORT_USRSF,ALL#WORLD#NOAME#USA#PORT_USRSF,false,,PORT_TERMINAL
Florianopolis,PORT_BRFLN,ALL#WORLD#Americas#SOAME#BRA#PORT_BRFLN,false,,PORT_TERMINAL
Nansha,PORT_CNNSA,ALL#WORLD#ASIA#CHN#PORT_CNNSA,false,,PORT_TERMINAL
Pelotas,PORT_BRPET,ALL#WORLD#Americas#SOAME#BRA#PORT_BRPET,false,,PORT_TERMINAL
Lazaro Cardenas,PORT_MXLZC,ALL#WORLD#NOAME#MEX#PORT_MXLZC,false,,PORT_TERMINAL
Port Bouet,PORT_CIVBU,ALL#WORLD#WESTA#CIV#PORT_CIVBU,false,,PORT_TERMINAL
Santa Cruz de Tenerife,PORT_ESSCT,ALL#WORLD#EUR#ESP#PORT_ESSCT,false,,PORT_TERMINAL
Kalundborg,PORT_DKKAL,ALL#WORLD#EUR#DNK#PORT_DKKAL,false,,PORT_TERMINAL
Skikda,PORT_DZSKI,ALL#WORLD#DZA#PORT_DZSKI,false,,PORT_TERMINAL
Bilbao (Port),PORT_ESBIO,ALL#WORLD#EUR#ESP#PORT_ESBIO,false,,PORT_TERMINAL
Qingdao,PORT_CNQDG,ALL#WORLD#ASIA#CHN#PORT_CNQDG,false,,PORT_TERMINAL
Gijon,PORT_ESGIJ,ALL#WORLD#EUR#ESP#PORT_ESGIJ,false,,PORT_TERMINAL
Vila do Conde,PORT_BRVLC,ALL#WORLD#Americas#SOAME#BRA#PORT_BRVLC,false,,PORT_TERMINAL
Gravesend,PORT_GBGVE,ALL#WORLD#EUR#GBR#PORT_GBGVE,false,,PORT_TERMINAL
Mamonal,PORT_COMAM,ALL#WORLD#OSAM#COL#PORT_COMAM,false,,PORT_TERMINAL
Niigata,PORT_JPKIJ,ALL#WORLD#ASIA#JPN#PORT_JPKIJ,false,,PORT_TERMINAL
Seattle WA,PORT_USSEA,ALL#WORLD#NOAME#USA#PORT_USSEA,false,,PORT_TERMINAL
Bonfim,PORT_BRBFM,ALL#WORLD#Americas#SOAME#BRA#PORT_BRBFM,false,,PORT_TERMINAL
BAhia Blanca ADM AGRO,BB_ADM,ALL#WORLD#Americas#SOAME#ARG#PAMAR#BUAPA#BABBU#BB_ADM,false,,PORT_TERMINAL
Pointe Pitre,PITRE,ALL#WORLD#EUR#FRA#OVERS#GLP#PITRE,false,,PORT_TERMINAL
San Ciprian,PORT_ESSCI,ALL#WORLD#EUR#ESP#PORT_ESSCI,false,,PORT_TERMINAL
Singia,PORT_SINGIA,ALL#WORLD#ASIA#IND#PORT_SINGIA,false,,PORT_TERMINAL
yiangzijiang Port,PORT_YIANGZIJIANG,ALL#WORLD#ASIA#CHN#PORT_YIANGZIJIANG,false,,PORT_TERMINAL
HIEP PHUOC,HIEP-PHUOC,ALL#WORLD#ASIA#VNM#HIEP-PHUOC,false,,PORT_TERMINAL
Palermo,PORT_ITPMO,ALL#WORLD#EUR#ITA#PORT_ITPMO,false,,PORT_TERMINAL
Warri Port,PORT_NGWAR,ALL#WORLD#WESTA#NGA#PORT_NGWAR,false,,PORT_TERMINAL
Esperance,PORT_AUEPR,ALL#WORLD#OCEAN#AUS#PORT_AUEPR,false,,PORT_TERMINAL
Miyazaki Airport,MIAZ_AIR,ALL#WORLD#ASIA#JPN#MIAZ_AIR,false,,PORT_TERMINAL
Port Great Belt,PORT_GBEL,ALL#WORLD#EUR#DNK#PORT_GBEL,false,,PORT_TERMINAL
Tin Can Island,PORT_BSTCI,ALL#WORLD#CARIB#BHS#PORT_BSTCI,false,,PORT_TERMINAL
Kagoshima,PORT_JPKOJ,ALL#WORLD#ASIA#JPN#PORT_JPKOJ,false,,PORT_TERMINAL
Porto Alegre,PORT_BRPOA,ALL#WORLD#Americas#SOAME#BRA#PORT_BRPOA,false,,PORT_TERMINAL
Cat Lai Port,CATLAI,ALL#WORLD#ASIA#VNM#CATLAI,false,,PORT_TERMINAL
Toyama,PORT_JPTOS,ALL#WORLD#ASIA#JPN#PORT_JPTOS,false,,PORT_TERMINAL
Whangarei Port,PORT_WHAN,ALL#WORLD#OCEAN#NZL#PORT_WHAN,false,,PORT_TERMINAL
Recalada,PORT_ARRCA,ALL#WORLD#Americas#SOAME#ARG#PORT_ARRCA,false,,PORT_TERMINAL
Mina Raysut,PORT_OMSLL,ALL#WORLD#MIDDL#OMN#PORT_OMSLL,false,,PORT_TERMINAL
Jawaharlal Nehru Port Trust,PORT_INNSA,ALL#WORLD#ASIA#IND#PORT_INNSA,false,,PORT_TERMINAL
Male port,PORT_MALDIVES,ALL#WORLD#MDV#PORT_MALDIVES,false,,PORT_TERMINAL
Port of La Guaira,PORT_LAG,ALL#WORLD#OSAM#VEN#PORT_LAG,false,,PORT_TERMINAL
Varna East Port,PORT_VARNA_EAST,ALL#WORLD#EUR#BGR#VARNA#VARNC#PORT_VARNA_EAST,false,,PORT_TERMINAL
kawasaki Port,KAWASAKI_PORT,ALL#WORLD#ASIA#JPN#TOKYO#KAWASAKI_PORT,false,,PORT_TERMINAL
Port Antonio,PORT_ANT,ALL#WORLD#CTLAM#JAM#PORT_ANT,false,,PORT_TERMINAL
Santarém,PORT_BRSTM,ALL#WORLD#Americas#SOAME#BRA#PORT_BRSTM,false,,PORT_TERMINAL
Big Creek port,BIG-CREEK,ALL#WORLD#CTLAM#BLZ#BIG-CREEK,false,,PORT_TERMINAL
Miyako,PORT_JPMYK,ALL#WORLD#ASIA#JPN#PORT_JPMYK,false,,PORT_TERMINAL
Ningbo,PORT_CNNGB,ALL#WORLD#ASIA#CHN#PORT_CNNGB,false,,PORT_TERMINAL
Shibushi,PORT_JPSBS,ALL#WORLD#ASIA#JPN#PORT_JPSBS,false,,PORT_TERMINAL
Rio de Janeiro,PORT_BRRIO,ALL#WORLD#Americas#SOAME#BRA#PORT_BRRIO,false,,PORT_TERMINAL
Nibulon,NIBULON,ALL#WORLD#CIS#UKR#SOUKR#MYKOL#MYKOC#NIBULON,false,,PORT_TERMINAL
Maassluis,PORT_NLMAL,ALL#WORLD#EUR#NLD#PORT_NLMAL,false,,PORT_TERMINAL
Bechet,PORT_ROBCT,ALL#WORLD#EUR#ROU#PORT_ROBCT,false,,PORT_TERMINAL
Reni,PORT_UARNI,ALL#WORLD#CIS#UKR#PORT_UARNI,false,,PORT_TERMINAL
Port Dempa,DEMPA,ALL#WORLD#Americas#SOAME#ARG#UPRIVER#DEMPA,false,,PORT_TERMINAL
Rufisque,PORT_SNRQ2,ALL#WORLD#WESTA#SEN#PORT_SNRQ2,false,,PORT_TERMINAL
Port Arthur,PORT_USPOA,ALL#WORLD#NOAME#USA#PORT_USPOA,false,,PORT_TERMINAL
State Port Silo (SFGCU),STATE_PORT_SILO,ALL#WORLD#CIS#UKR#SOUKR#MYKOL#MYKOC#STATE_PORT_SILO,false,,PORT_TERMINAL
Caen,PORT_FRCFR,ALL#WORLD#EUR#FRA#PORT_FRCFR,false,,PORT_TERMINAL
Donuzlav,PORT_DONU,ALL#WORLD#CIS#RUS#PORT_DONU,false,,PORT_TERMINAL
Motukea,MTKA,ALL#WORLD#PNG#MTKA,false,,PORT_TERMINAL
Portland,PORT_AUPTJ,ALL#WORLD#OCEAN#AUS#PORT_AUPTJ,false,,PORT_TERMINAL
Tonnay charente,PORT_FRTON,ALL#WORLD#EUR#FRA#PORT_FRTON,false,,PORT_TERMINAL
Putian,PORT_CNPUT,ALL#WORLD#ASIA#CHN#PORT_CNPUT,false,,PORT_TERMINAL
Sevastopol,PORT_UASVP,ALL#WORLD#CIS#UKR#PORT_UASVP,false,,PORT_TERMINAL
New Mangalore Port,PORT_INNML,ALL#WORLD#ASIA#IND#PORT_INNML,false,,PORT_TERMINAL
Kakinada,PORT_INKAK,ALL#WORLD#ASIA#IND#PORT_INKAK,false,,PORT_TERMINAL
Muelle 1-2 y 6,MUELLE_1_2_6,ALL#WORLD#Americas#SOAME#ARG#PAMAR#BUAPA#BABBU#MUELLE_1_2_6,false,,PORT_TERMINAL
Kamyshin,PORT_RUKAM,ALL#WORLD#CIS#RUS#PORT_RUKAM,false,,PORT_TERMINAL
Matsuyama,PORT_JPMYJ,ALL#WORLD#ASIA#JPN#PORT_JPMYJ,false,,PORT_TERMINAL
Azov,PORT_RUAZO,ALL#WORLD#CIS#RUS#PORT_RUAZO,false,,PORT_TERMINAL
Zolotaya Balka,PORT_UAZOL,ALL#WORLD#CIS#UKR#PORT_UAZOL,false,,PORT_TERMINAL
Hopa,PORT_TRHOP,ALL#WORLD#WESTE#TUR#PORT_TRHOP,false,,PORT_TERMINAL
Port of Valparaiso,PORT_VALP,ALL#WORLD#OSAM#CHL#PORT_VALP,false,,PORT_TERMINAL
kalipeda Port,PORT_KALIPEDA,ALL#WORLD#EUR#LTU#PORT_KALIPEDA,false,,PORT_TERMINAL
Barra dos Coqueiros,PORT_BRBAR,ALL#WORLD#Americas#SOAME#BRA#PORT_BRBAR,false,,PORT_TERMINAL
Klaipeda,PORT_LTKLJ,ALL#WORLD#EUR#LTU#PORT_LTKLJ,false,,PORT_TERMINAL
La Plata,PORT_ARLPG,ALL#WORLD#Americas#SOAME#ARG#PORT_ARLPG,false,,PORT_TERMINAL
Montevideo,PORT_UYMVD,ALL#WORLD#OSAM#URY#PORT_UYMVD,false,,PORT_TERMINAL
Bagendang,PORT_IDBGD,ALL#WORLD#ASIA#IDN#PORT_IDBGD,false,,PORT_TERMINAL
Kochi,PORT_INCOK,ALL#WORLD#ASIA#IND#PORT_INCOK,false,,PORT_TERMINAL
Vylkove,PORT_UAVYL,ALL#WORLD#CIS#UKR#PORT_UAVYL,false,,PORT_TERMINAL
Abu Dhabi,PORT_AEAUH,PORT_AEAUH,false,,PORT_TERMINAL
Toros Gubre,PORT_TRTGT,ALL#WORLD#WESTE#TUR#PORT_TRTGT,false,,PORT_TERMINAL
Baton Rouge LA,PORT_USBTR,ALL#WORLD#NOAME#USA#PORT_USBTR,false,,PORT_TERMINAL
Ramsgate,PORT_GBRMG,ALL#WORLD#EUR#GBR#PORT_GBRMG,false,,PORT_TERMINAL
Argentia Port ,ARGENTIA,ALL#WORLD#NOAME#CAN#ARGENTIA,false,,PORT_TERMINAL
Chaozhou,PORT_CNCOZ,ALL#WORLD#ASIA#CHN#PORT_CNCOZ,false,,PORT_TERMINAL
Vordingborg,PORT_DKVOR,ALL#WORLD#EUR#DNK#PORT_DKVOR,false,,PORT_TERMINAL
Port of Agadir,PORT_MAAGA,ALL#WORLD#AFRMI#MAR#PORT_MAAGA,false,,PORT_TERMINAL
Paranaguá,PORT_BRPNG,ALL#WORLD#Americas#SOAME#BRA#PORT_BRPNG,false,,PORT_TERMINAL
Casablanca,PORT_MACAS,ALL#WORLD#AFRMI#MAR#PORT_MACAS,false,,PORT_TERMINAL
General Lagos,GRAL_LAGOS,ALL#WORLD#Americas#SOAME#ARG#UPRIVER#GRAL_LAGOS,false,,PORT_TERMINAL
Kyoto,PORT_JPUKY,ALL#WORLD#ASIA#JPN#PORT_JPUKY,false,,PORT_TERMINAL
Porto Di Corsini,PORT_ITPDC,ALL#WORLD#EUR#ITA#PORT_ITPDC,false,,PORT_TERMINAL
Great Lakes,PORT_USGRL,ALL#WORLD#NOAME#USA#PORT_USGRL,false,,PORT_TERMINAL
Yakacik,PORT_TRYAK,ALL#WORLD#WESTE#TUR#PORT_TRYAK,false,,PORT_TERMINAL
Sulina,PORT_ROSUL,ALL#WORLD#EUR#ROU#PORT_ROSUL,false,,PORT_TERMINAL
ICD Panipat Port,PORT_INPAP,ALL#WORLD#ASIA#IND#PORT_INPAP,false,,PORT_TERMINAL
Okinawa,PORT_JPOKA,ALL#WORLD#ASIA#JPN#PORT_JPOKA,false,,PORT_TERMINAL
Bizerte,PORT_TNBIZ,ALL#WORLD#AFRMI#TUN#PORT_TNBIZ,false,,PORT_TERMINAL
Villagarcia,PORT_ESVIL,ALL#WORLD#EUR#ESP#PORT_ESVIL,false,,PORT_TERMINAL
Xinsha Port,PORT_CNXNA,ALL#WORLD#ASIA#CHN#PORT_CNXNA,false,,PORT_TERMINAL
Meizhou,PORT_CNMEZ,ALL#WORLD#ASIA#CHN#PORT_CNMEZ,false,,PORT_TERMINAL
Brasiléia,PORT_BRBRL,ALL#WORLD#Americas#SOAME#BRA#PORT_BRBRL,false,,PORT_TERMINAL
Ullapara,PORT_ULLAPARA,ALL#WORLD#ASIA#BGD#PORT_ULLAPARA,false,,PORT_TERMINAL
Kumamoto,PORT_JPKMJ,ALL#WORLD#ASIA#JPN#PORT_JPKMJ,false,,PORT_TERMINAL
El Jadida,PORT_MAEJD,ALL#WORLD#AFRMI#MAR#PORT_MAEJD,false,,PORT_TERMINAL
Borivage,BORIVAGE,ALL#WORLD#CIS#UKR#SOUKR#ODESAO#YUZHN#BORIVAGE,false,,PORT_TERMINAL
VYBORG,VYBORG,ALL#WORLD#CIS#RUS#PETER#VYBORG,false,,PORT_TERMINAL
Nueva Palmira,PORT_UYNVP,ALL#WORLD#OSAM#URY#PORT_UYNVP,false,,PORT_TERMINAL
GuaÃ­ra,PORT_BRGAR,ALL#WORLD#Americas#SOAME#BRA#PORT_BRGAR,false,,PORT_TERMINAL
Tomakomai,PORT_JPTMK,ALL#WORLD#ASIA#JPN#PORT_JPTMK,false,,PORT_TERMINAL
IJMUIDEN,PORT_NLIJM,ALL#WORLD#EUR#NLD#PORT_NLIJM,false,,PORT_TERMINAL
Jorf Lasfar,PORT_MAJFL,ALL#WORLD#AFRMI#MAR#PORT_MAJFL,false,,PORT_TERMINAL
Port-Soudan,PORT_SDPZU,ALL#WORLD#AFRMI#SDN#PORT_SDPZU,false,,PORT_TERMINAL
Saseho,PORT_JPSSB,ALL#WORLD#ASIA#JPN#PORT_JPSSB,false,,PORT_TERMINAL
Santander,PORT_ESSDR,ALL#WORLD#EUR#ESP#PORT_ESSDR,false,,PORT_TERMINAL
Belfast,PORT_GBBEL,ALL#WORLD#EUR#GBR#PORT_GBBEL,false,,PORT_TERMINAL
Paulina LA,PORT_US9AU,ALL#WORLD#NOAME#USA#PORT_US9AU,false,,PORT_TERMINAL
Kiliia,PORT_UAKIA,ALL#WORLD#CIS#UKR#PORT_UAKIA,false,,PORT_TERMINAL
Ténès,PORT_DZTEN,ALL#WORLD#DZA#PORT_DZTEN,false,,PORT_TERMINAL
Immingham,PORT_GBIMM,ALL#WORLD#EUR#GBR#PORT_GBIMM,false,,PORT_TERMINAL
Kherson,PORT_UAKHE,ALL#WORLD#CIS#UKR#PORT_UAKHE,false,,PORT_TERMINAL
Iwakuni,PORT_JPIWK,ALL#WORLD#ASIA#JPN#PORT_JPIWK,false,,PORT_TERMINAL
Santo Tomás de Castilla,PORT_GTSTC,ALL#WORLD#CTLAM#GTM#PORT_GTSTC,false,,PORT_TERMINAL
Brownsville TN,PORT_USBRO,ALL#WORLD#NOAME#USA#PORT_USBRO,false,,PORT_TERMINAL
Marin,PORT_ESMPG,ALL#WORLD#EUR#ESP#PORT_ESMPG,false,,PORT_TERMINAL
Gdańsk,PORT_GDA,ALL#WORLD#EUR#POL#PORT_GDA,false,,PORT_TERMINAL
Dammam,PORT_SADMM,ALL#WORLD#AFRMI#SAU#PORT_SADMM,false,,PORT_TERMINAL
Townsville,PORT_AUTSV,ALL#WORLD#OCEAN#AUS#PORT_AUTSV,false,,PORT_TERMINAL
Rosario,PORT_ARROS,ALL#WORLD#Americas#SOAME#ARG#PORT_ARROS,false,,PORT_TERMINAL
Kuala Tanjung,PORT_IDKTJ,ALL#WORLD#ASIA#IDN#PORT_IDKTJ,false,,PORT_TERMINAL
Melbourne,PORT_AUMEL,ALL#WORLD#OCEAN#AUS#PORT_AUMEL,false,,PORT_TERMINAL
El Bosque,PORT_COEBQ,ALL#WORLD#OSAM#COL#PORT_COEBQ,false,,PORT_TERMINAL
Hualien,PORT_TWHUN,ALL#WORLD#ASIA#TWN#PORT_TWHUN,false,,PORT_TERMINAL
Klang Port,PORT_KLANG_PORT,ALL#WORLD#ASIA#MYS#PENINSULAR_MALAYSIA#PORT_KLANG_PORT,false,,PORT_TERMINAL
Mersa Tobruq,PORT_LYTBR,ALL#WORLD#AFRMI#LBY#PORT_LYTBR,false,,PORT_TERMINAL
Varna West Port,PORT_VARNA_WEST,ALL#WORLD#EUR#BGR#VARNA#VARNC#PORT_VARNA_WEST,false,,PORT_TERMINAL
Mobile,PORT_USMOB,ALL#WORLD#NOAME#USA#PORT_USMOB,false,,PORT_TERMINAL
Novolog,NOVOLOG,ALL#WORLD#CIS#UKR#SOUKR#ODESAO#ODESA#NOVOLOG,false,,PORT_TERMINAL
Huizhou,PORT_CNHUI,ALL#WORLD#ASIA#CHN#PORT_CNHUI,false,,PORT_TERMINAL
Taichung,PORT_TWTXG,ALL#WORLD#ASIA#TWN#PORT_TWTXG,false,,PORT_TERMINAL
Port Lincoln,PORT_AUPLO,ALL#WORLD#OCEAN#AUS#PORT_AUPLO,false,,PORT_TERMINAL
Muroran,PORT_JPMUR,ALL#WORLD#ASIA#JPN#PORT_JPMUR,false,,PORT_TERMINAL
AHUS,AHUS,ALL#WORLD#EUR#SWE#AHUS,false,,PORT_TERMINAL
Bari,PORT_ITBRI,ALL#WORLD#EUR#ITA#PORT_ITBRI,false,,PORT_TERMINAL
Risoil,RISOIL,ALL#WORLD#CIS#UKR#SOUKR#ODESAO#CHORN#RISOIL,false,,PORT_TERMINAL
Port of Huasco,PORT_HUAS,ALL#WORLD#OSAM#CHL#PORT_HUAS,false,,PORT_TERMINAL
Dukhovnitskoye,PORT_DUKHSK,ALL#WORLD#CIS#RUS#PORT_DUKHSK,false,,PORT_TERMINAL
Prince Rupert,PORT_CAPRR,ALL#WORLD#NOAME#CAN#PORT_CAPRR,false,,PORT_TERMINAL
Kijing Port,PORT_IDKH1,ALL#WORLD#ASIA#IDN#PORT_IDKH1,false,,PORT_TERMINAL
Brest,PORT_FRBES,ALL#WORLD#EUR#FRA#PORT_FRBES,false,,PORT_TERMINAL
Zhuhai,PORT_CNZUH,ALL#WORLD#ASIA#CHN#PORT_CNZUH,false,,PORT_TERMINAL
Cai Mep,PORT_VNCMT,ALL#WORLD#ASIA#VNM#PORT_VNCMT,false,,PORT_TERMINAL
Myshuryn Rih,PORT_DNIPR_MR,ALL#WORLD#CIS#UKR#PORT_DNIPR_MR,false,,PORT_TERMINAL
Taizhou,PORT_CNTZO,ALL#WORLD#ASIA#CHN#PORT_CNTZO,false,,PORT_TERMINAL
Zeebrugge port,ZEEBRUGGE,ALL#WORLD#EUR#BEL#FLERE#ZEEBRUGGE,false,,PORT_TERMINAL
Portland OR,PORT_USPDX,ALL#WORLD#NOAME#USA#PORT_USPDX,false,,PORT_TERMINAL
Colombo,PORT_LKCMB,ALL#WORLD#ASIA#LKA#PORT_LKCMB,false,,PORT_TERMINAL
Guaira,PORT_BRGIA,ALL#WORLD#Americas#SOAME#BRA#PORT_BRGIA,false,,PORT_TERMINAL
Hoek Van Holland,PORT_NLHKH,ALL#WORLD#EUR#NLD#PORT_NLHKH,false,,PORT_TERMINAL
Chistopol,PORT_RUCHL,ALL#WORLD#CIS#RUS#PORT_RUCHL,false,,PORT_TERMINAL
Mikhaylovka,PORT_MIKHAILOVKA,ALL#WORLD#CIS#RUS#PORT_MIKHAILOVKA,false,,PORT_TERMINAL
Albany (FIS),PORT_AUALH,ALL#WORLD#OCEAN#AUS#PORT_AUALH,false,,PORT_TERMINAL
Cuiabá,PORT_BRCBA,ALL#WORLD#Americas#SOAME#BRA#PORT_BRCBA,false,,PORT_TERMINAL
Invercargill Seaport Port,PORT_CARG,ALL#WORLD#OCEAN#NZL#PORT_CARG,false,,PORT_TERMINAL
Port Of Tema,PORT_TEM,ALL#WORLD#AFRMI#GHA#PORT_TEM,false,,PORT_TERMINAL
Terneuzen,PORT_NLTNZ,ALL#WORLD#EUR#NLD#PORT_NLTNZ,false,,PORT_TERMINAL
Lubuk Gaung,PORT_LUBUK,ALL#WORLD#ASIA#IDN#PORT_LUBUK,false,,PORT_TERMINAL
Lagos,PORT_NGLOS,ALL#WORLD#WESTA#NGA#PORT_NGLOS,false,,PORT_TERMINAL
Nacala,PORT_MZNAC,ALL#WORLD#AFRMI#MOZ#PORT_MZNAC,false,,PORT_TERMINAL
Terminal Integrador Araguari,PORT_TIA,ALL#WORLD#Americas#SOAME#BRA#BRASE#MINAS#ARAGUARI#PORT_TIA,false,,PORT_TERMINAL
Jogbani Port,PORT_INJBN,ALL#WORLD#ASIA#IND#PORT_INJBN,false,,PORT_TERMINAL
Guangzhou,PORT_CNGGZ,ALL#WORLD#ASIA#CHN#PORT_CNGGZ,false,,PORT_TERMINAL
Port Flushing,PORT_FLUS,ALL#WORLD#EUR#NLD#PORT_FLUS,false,,PORT_TERMINAL
Skagen Havn,PORT_DKSKA,ALL#WORLD#EUR#DNK#PORT_DKSKA,false,,PORT_TERMINAL
Ghent,PORT_BEGNE,ALL#WORLD#EUR#BEL#PORT_BEGNE,false,,PORT_TERMINAL
DSSC (COFCO),DSSC_COFCO,ALL#WORLD#CIS#UKR#SOUKR#MYKOL#MYKOC#DSSC_COFCO,false,,PORT_TERMINAL
Astrakhan,PORT_RUASF,ALL#WORLD#CIS#RUS#PORT_RUASF,false,,PORT_TERMINAL
caofedian ,PORT_CAOFEDIAN,ALL#WORLD#ASIA#CHN#HEBEI#TANGSHAN#PORT_CAOFEDIAN,false,,PORT_TERMINAL
Cadiz,PORT_ESCAD,ALL#WORLD#EUR#ESP#PORT_ESCAD,false,,PORT_TERMINAL
ISKENDERUN,PORT_TRISK,ALL#WORLD#WESTE#TUR#PORT_TRISK,false,,PORT_TERMINAL
Yokosuka,PORT_JPYOS,ALL#WORLD#ASIA#JPN#PORT_JPYOS,false,,PORT_TERMINAL
Hoping,PORT_TWHOP,ALL#WORLD#ASIA#TWN#PORT_TWHOP,false,,PORT_TERMINAL
Hiroshima,PORT_JPHIJ,ALL#WORLD#ASIA#JPN#PORT_JPHIJ,false,,PORT_TERMINAL
Mostaganem,PORT_DZMOS,ALL#WORLD#DZA#PORT_DZMOS,false,,PORT_TERMINAL
Hilli,PORT_INHLI,ALL#WORLD#ASIA#IND#PORT_INHLI,false,,PORT_TERMINAL
Porto Murtinho,PORT_BRPMH,ALL#WORLD#Americas#SOAME#BRA#PORT_BRPMH,false,,PORT_TERMINAL
Conakry,PORT_GNCKY,ALL#WORLD#AFRMI#GIN#PORT_GNCKY,false,,PORT_TERMINAL
Lisbon,PORT_PTLIS,ALL#WORLD#EUR#PRT#PORT_PTLIS,false,,PORT_TERMINAL
Ooita,PORT_JPOIT,ALL#WORLD#ASIA#JPN#PORT_JPOIT,false,,PORT_TERMINAL
Kozatske,PORT_KHEKO,ALL#WORLD#CIS#UKR#PORT_KHEKO,false,,PORT_TERMINAL
Chennai,PORT_INMAA,ALL#WORLD#ASIA#IND#PORT_INMAA,false,,PORT_TERMINAL
Toyohashi,PORT_JPTHS,ALL#WORLD#ASIA#JPN#PORT_JPTHS,false,,PORT_TERMINAL
Salaverry,PORT_PESAL,ALL#WORLD#OSAM#PER#PORT_PESAL,false,,PORT_TERMINAL
Port of Nakhodka,PORT_NAKH,ALL#WORLD#CIS#RUS#PORT_NAKH,false,,PORT_TERMINAL
Corumba,PORT_BRCMG,ALL#WORLD#Americas#SOAME#BRA#PORT_BRCMG,false,,PORT_TERMINAL
Oran,PORT_DZORN,ALL#WORLD#DZA#PORT_DZORN,false,,PORT_TERMINAL
Sabine,PORT_USSAB,ALL#WORLD#NOAME#USA#PORT_USSAB,false,,PORT_TERMINAL
Chornomorsk,PORT_UAILK,ALL#WORLD#CIS#UKR#PORT_UAILK,false,,PORT_TERMINAL
Bonny Offshore Terminal,PORT_NGBON,ALL#WORLD#WESTA#NGA#PORT_NGBON,false,,PORT_TERMINAL
Panjang,PORT_IDPNJ,ALL#WORLD#ASIA#IDN#PORT_IDPNJ,false,,PORT_TERMINAL
Shimonoseki,PORT_JPSHS,ALL#WORLD#ASIA#JPN#PORT_JPSHS,false,,PORT_TERMINAL
Mombasa,PORT_KEMBA,ALL#WORLD#AFRMI#KEN#PORT_KEMBA,false,,PORT_TERMINAL
Vizag,PORT_INVIG,ALL#WORLD#ASIA#IND#PORT_INVIG,false,,PORT_TERMINAL
Bin Qasim,PORT_PKBQM,ALL#WORLD#ASIA#PAK#PORT_PKBQM,false,,PORT_TERMINAL
Novotech,NOVOTECH,ALL#WORLD#CIS#UKR#SOUKR#ODESAO#ODESA#NOVOTECH,false,,PORT_TERMINAL
Haifa,PORT_ILHFA,ALL#WORLD#AFRMI#ISR#PORT_ILHFA,false,,PORT_TERMINAL
Coronel Bicaco,PORT_BRBIC,ALL#WORLD#Americas#SOAME#BRA#PORT_BRBIC,false,,PORT_TERMINAL
Port Muhammad Bin Qasim,PORT_MBQ,ALL#WORLD#ASIA#PAK#SINDH#KARAD#PORT_MBQ,false,,PORT_TERMINAL
Port Antofagasta,PORT_ANTO,ALL#WORLD#OSAM#CHL#PORT_ANTO,false,,PORT_TERMINAL
Danube MN,PORT_DANMN,ALL#WORLD#NOAME#USA#PORT_DANMN,false,,PORT_TERMINAL
Recife,PORT_BRREC,ALL#WORLD#Americas#SOAME#BRA#PORT_BRREC,false,,PORT_TERMINAL
Rotterdam,PORT_NLRTM,ALL#WORLD#EUR#NLD#PORT_NLRTM,false,,PORT_TERMINAL
Kumai,PORT_IDKUM,ALL#WORLD#ASIA#IDN#PORT_IDKUM,false,,PORT_TERMINAL
Novo Remanso,PORT_BRRMA,ALL#WORLD#Americas#SOAME#BRA#PORT_BRRMA,false,,PORT_TERMINAL
Batown,PORT_USBAY,ALL#WORLD#NOAME#USA#PORT_USBAY,false,,PORT_TERMINAL
Manila,PORT_PHMNL,ALL#WORLD#ASIA#PHL#PORT_PHMNL,false,,PORT_TERMINAL
Adelaide,PORT_AUADL,ALL#WORLD#OCEAN#AUS#PORT_AUADL,false,,PORT_TERMINAL
sunda strait Port,PORT_SUNDA_STRAIT,ALL#WORLD#ASIA#IDN#PORT_SUNDA_STRAIT,false,,PORT_TERMINAL
Port kimitsu,PORT_KIMITSU,ALL#WORLD#ASIA#VNM#PORT_KIMITSU,false,,PORT_TERMINAL
Port of Guiria,PORT_GUIR,ALL#WORLD#OSAM#VEN#PORT_GUIR,false,,PORT_TERMINAL
Assis,PORT_BRABL,ALL#WORLD#Americas#SOAME#BRA#PORT_BRABL,false,,PORT_TERMINAL
Odesa,PORT_UAODS,ALL#WORLD#CIS#UKR#PORT_UAODS,false,,PORT_TERMINAL
Tyaginka,PORT_TYAGIN,ALL#WORLD#CIS#UKR#PORT_TYAGIN,false,,PORT_TERMINAL
KwaZulu-Natal,PORT_ZANAL,ALL#WORLD#EASTA#ZAF#PORT_ZANAL,false,,PORT_TERMINAL
Mina Saqr,PORT_MINA_SAQR,ALL#WORLD#UAE#PORT_MINA_SAQR,false,,PORT_TERMINAL
Bronderslev,PORT_DKBRL,ALL#WORLD#EUR#DNK#DK0#PORT_DKBRL,false,,PORT_TERMINAL
Kashima,PORT_JPKSM,ALL#WORLD#ASIA#JPN#PORT_JPKSM,false,,PORT_TERMINAL
Dneprovsko-bugsky,PORT_UADNB,ALL#WORLD#CIS#UKR#PORT_UADNB,false,,PORT_TERMINAL
Morehead City,PORT_USMRH,ALL#WORLD#NOAME#USA#PORT_USMRH,false,,PORT_TERMINAL
Nanjing,PORT_CNNKG,ALL#WORLD#ASIA#CHN#PORT_CNNKG,false,,PORT_TERMINAL
Goulette,PORT_TNLGO,ALL#WORLD#AFRMI#TUN#PORT_TNLGO,false,,PORT_TERMINAL
fukuyama Port,PORT_FUKUYAMA,ALL#WORLD#ASIA#JPN#PORT_FUKUYAMA,false,,PORT_TERMINAL
Barkan Oil-Loading Terminal,PORT_BARKAN,ALL#WORLD#AFRMI#IRN#PORT_BARKAN,false,,PORT_TERMINAL
hitachinaka port,PORTHITACHINAKA,ALL#WORLD#ASIA#JPN#PORTHITACHINAKA,false,,PORT_TERMINAL
Taranto,PORT_ITTAR,ALL#WORLD#EUR#ITA#PORT_ITTAR,false,,PORT_TERMINAL
Aratu,PORT_BRARB,ALL#WORLD#Americas#SOAME#BRA#PORT_BRARB,false,,PORT_TERMINAL
Kwinana (FIS),PORT_AUKWI,ALL#WORLD#OCEAN#AUS#PORT_AUKWI,false,,PORT_TERMINAL
Puerto Del Guazu,PORT_ARDGU,ALL#WORLD#Americas#SOAME#ARG#PORT_ARDGU,false,,PORT_TERMINAL
Palamos,PORT_ESPAL,ALL#WORLD#EUR#ESP#PORT_ESPAL,false,,PORT_TERMINAL
Zhangzhou,PORT_CNZZU,ALL#WORLD#ASIA#CHN#PORT_CNZZU,false,,PORT_TERMINAL
Marion KS,PORT_US9MN,ALL#WORLD#NOAME#USA#PORT_US9MN,false,,PORT_TERMINAL
Mersin,PORT_TRMER,ALL#WORLD#WESTE#TUR#PORT_TRMER,false,,PORT_TERMINAL
Amsterdam,PORT_NLAMS,ALL#WORLD#EUR#NLD#PORT_NLAMS,false,,PORT_TERMINAL
Kushiro,PORT_JPKUH,ALL#WORLD#ASIA#JPN#PORT_JPKUH,false,,PORT_TERMINAL
OPL West Africa,PORT_OWA,ALL#WORLD#WESTA#PORT_OWA,false,,PORT_TERMINAL
Samara,PORT_RUKUF,ALL#WORLD#CIS#RUS#PORT_RUKUF,false,,PORT_TERMINAL
Tuticorin,PORT_INTUT,ALL#WORLD#ASIA#IND#PORT_INTUT,false,,PORT_TERMINAL
Osaka,PORT_OSAKA,ALL#WORLD#ASIA#JPN#PORT_OSAKA,false,,PORT_TERMINAL
Vaksdal,VAKSDAL,ALL#WORLD#WESTE#NOR#VAKSDAL,false,,PORT_TERMINAL
Banana port,BANANA,ALL#WORLD#CWA#COG#BANANA,false,,PORT_TERMINAL
Dobrich,PORT_BGDOD,ALL#WORLD#EUR#BGR#PORT_BGDOD,false,,PORT_TERMINAL
Barcadera ,BARCADERAPORT,ALL#WORLD#ABW#BARCADERAPORT,false,,PORT_TERMINAL
Tanjung Priok,PORT_IDTPP,ALL#WORLD#ASIA#IDN#PORT_IDTPP,false,,PORT_TERMINAL
Belitung,PORT_IDBLT,ALL#WORLD#ASIA#IDN#PORT_IDBLT,false,,PORT_TERMINAL
Leixoes,PORT_PTLEI,ALL#WORLD#EUR#PRT#PORT_PTLEI,false,,PORT_TERMINAL
Gibraltar,PORT_ESLLI,ALL#WORLD#WESTE#GIB#PORT_ESLLI,false,,PORT_TERMINAL
Port of Algeciras,PORT_ALGE,ALL#WORLD#EUR#ESP#SPAND#PORT_ALGE,false,,PORT_TERMINAL
Belém,PORT_BELEM,ALL#WORLD#Americas#SOAME#BRA#BRANO#PARA#BELPA#PORT_BELEM,false,,PORT_TERMINAL
Nasugbu,PORT_PHNSG,ALL#WORLD#ASIA#PHL#PORT_PHNSG,false,,PORT_TERMINAL
Takehara,PORT_JPTHR,ALL#WORLD#ASIA#JPN#PORT_JPTHR,false,,PORT_TERMINAL
Kakogawa Port,PORT_KAKOGAWA,ALL#WORLD#ASIA#JPN#PORT_KAKOGAWA,false,,PORT_TERMINAL
Satellite,SATELLITE,ALL#WORLD#CIS#UKR#EASTU#DONET#MARIU#SATELLITE,false,,PORT_TERMINAL
Collo,PORT_DZCOL,ALL#WORLD#DZA#PORT_DZCOL,false,,PORT_TERMINAL
Ilheus,PORT_BRIOS,ALL#WORLD#Americas#SOAME#BRA#PORT_BRIOS,false,,PORT_TERMINAL
Passero,PORT_ITCPO,ALL#WORLD#EUR#ITA#PORT_ITCPO,false,,PORT_TERMINAL
Chiba,PORT_JPCHB,ALL#WORLD#ASIA#JPN#PORT_JPCHB,false,,PORT_TERMINAL
Nagasaki,PORT_JPNGS,ALL#WORLD#ASIA#JPN#PORT_JPNGS,false,,PORT_TERMINAL
Sao Sebastiao,PORT_BRSSO,ALL#WORLD#Americas#SOAME#BRA#PORT_BRSSO,false,,PORT_TERMINAL
Schiedam,PORT_NLSCM,ALL#WORLD#EUR#NLD#PORT_NLSCM,false,,PORT_TERMINAL
Mormugao,PORT_INMRM,ALL#WORLD#ASIA#IND#PORT_INMRM,false,,PORT_TERMINAL
Kerch,PORT_UAKEH,ALL#WORLD#CIS#UKR#PORT_UAKEH,false,,PORT_TERMINAL
Futong,FUTONG,ALL#WORLD#ASIA#IDN#FUTONG,false,,PORT_TERMINAL
Mina Al Fahl,PORT_OMMFH,ALL#WORLD#MIDDL#OMN#PORT_OMMFH,false,,PORT_TERMINAL
Kay West,PORT_USEYW,ALL#WORLD#NOAME#USA#PORT_USEYW,false,,PORT_TERMINAL
Rizhao,PORT_CNRZH,ALL#WORLD#ASIA#CHN#PORT_CNRZH,false,,PORT_TERMINAL
Port of Dar es Salaam,PORT_DESS,ALL#WORLD#EASTA#TZA#PORT_DESS,false,,PORT_TERMINAL
Port of Iquique,PORT_IQU,ALL#WORLD#OSAM#CHL#PORT_IQU,false,,PORT_TERMINAL
